Jurisdiction,Week of Allocations,1st Dose Allocations,2nd Dose Allocations
Connecticut,06/21/2021,"54,360","54,360"
Maine,06/21/2021,"21,420","21,420"
Massachusetts,06/21/2021,"104,580","104,580"
New Hampshire,06/21/2021,"21,420","21,420"
Rhode Island,06/21/2021,"17,280","17,280"
Vermont,06/21/2021,"11,070","11,070"
New Jersey,06/21/2021,"132,210","132,210"
New York,06/21/2021,"167,670","167,670"
New York City,06/21/2021,"128,070","128,070"
Puerto Rico,06/21/2021,"52,290","52,290"
U.S. Virgin Islands,06/21/2021,"3,240","3,240"
Delaware,06/21/2021,"15,210","15,210"
District of Columbia,06/21/2021,"11,520","11,520"
Maryland,06/21/2021,"89,370","89,370"
Pennsylvania,06/21/2021,"170,460","170,460"
Philadelphia,06/21/2021,"24,660","24,660"
Virginia,06/21/2021,"126,000","126,000"
West Virginia,06/21/2021,"28,800","28,800"
Alabama,06/21/2021,"72,090","72,090"
Florida,06/21/2021,"314,640","314,640"
Georgia,06/21/2021,"149,490","149,490"
Kentucky,06/21/2021,"65,880","65,880"
Mississippi,06/21/2021,"44,460","44,460"
North Carolina,06/21/2021,"149,940","149,940"
South Carolina,06/21/2021,"74,160","74,160"
Tennessee,06/21/2021,"98,820","98,820"
Chicago,06/21/2021,"40,770","40,770"
Illinois,06/21/2021,"149,490","149,490"
Indiana,06/21/2021,"97,200","97,200"
Michigan,06/21/2021,"147,870","147,870"
Minnesota,06/21/2021,"81,540","81,540"
Ohio,06/21/2021,"172,530","172,530"
Wisconsin,06/21/2021,"85,680","85,680"
Arkansas,06/21/2021,"44,460","44,460"
Louisiana,06/21/2021,"69,120","69,120"
New Mexico,06/21/2021,"32,490","32,490"
Oklahoma,06/21/2021,"57,600","57,600"
Texas,06/21/2021,"393,660","393,660"
Iowa,06/21/2021,"46,530","46,530"
Kansas,06/21/2021,"42,390","42,390"
Missouri,06/21/2021,"89,820","89,820"
Nebraska,06/21/2021,"28,800","28,800"
Colorado,06/21/2021,"82,710","82,710"
Montana,06/21/2021,"16,830","16,830"
North Dakota,06/21/2021,"11,520","11,520"
South Dakota,06/21/2021,"13,140","13,140"
Utah,06/21/2021,"41,220","41,220"
Wyoming,06/21/2021,"9,450","9,450"
Arizona,06/21/2021,"102,510","102,510"
California,06/21/2021,"575,640","575,640"
Hawaii,06/21/2021,"22,590","22,590"
Nevada,06/21/2021,"42,840","42,840"
American Samoa,06/21/2021,0,0
Guam,06/21/2021,0,0
Marshall Islands,06/21/2021,0,0
Micronesia,06/21/2021,0,0
Mariana Islands,06/21/2021,0,0
Palau,06/21/2021,0,0
Alaska,06/21/2021,"16,830","16,830"
Idaho,06/21/2021,"25,110","25,110"
Oregon,06/21/2021,"62,190","62,190"
Washington,06/21/2021,"109,170","109,170"
Federal Entities,06/21/2021,"219,060","219,060"
Connecticut,06/14/2021,"54,360","54,360"
Maine,06/14/2021,"21,420","21,420"
Massachusetts,06/14/2021,"104,580","104,580"
New Hampshire,06/14/2021,"21,420","21,420"
Rhode Island,06/14/2021,"17,280","17,280"
Vermont,06/14/2021,"11,070","11,070"
New Jersey,06/14/2021,"132,210","132,210"
New York,06/14/2021,"167,670","167,670"
New York City,06/14/2021,"128,070","128,070"
Puerto Rico,06/14/2021,"52,290","52,290"
U.S. Virgin Islands,06/14/2021,"3,240","3,240"
Delaware,06/14/2021,"15,210","15,210"
District of Columbia,06/14/2021,"11,520","11,520"
Maryland,06/14/2021,"89,370","89,370"
Pennsylvania,06/14/2021,"170,460","170,460"
Philadelphia,06/14/2021,"24,660","24,660"
Virginia,06/14/2021,"126,000","126,000"
West Virginia,06/14/2021,"28,800","28,800"
Alabama,06/14/2021,"72,090","72,090"
Florida,06/14/2021,"314,640","314,640"
Georgia,06/14/2021,"149,490","149,490"
Kentucky,06/14/2021,"65,880","65,880"
Mississippi,06/14/2021,"44,460","44,460"
North Carolina,06/14/2021,"149,940","149,940"
South Carolina,06/14/2021,"74,160","74,160"
Tennessee,06/14/2021,"98,820","98,820"
Chicago,06/14/2021,"40,770","40,770"
Illinois,06/14/2021,"149,490","149,490"
Indiana,06/14/2021,"97,200","97,200"
Michigan,06/14/2021,"147,870","147,870"
Minnesota,06/14/2021,"81,540","81,540"
Ohio,06/14/2021,"172,530","172,530"
Wisconsin,06/14/2021,"85,680","85,680"
Arkansas,06/14/2021,"44,460","44,460"
Louisiana,06/14/2021,"69,120","69,120"
New Mexico,06/14/2021,"32,490","32,490"
Oklahoma,06/14/2021,"57,600","57,600"
Texas,06/14/2021,"393,660","393,660"
Iowa,06/14/2021,"46,530","46,530"
Kansas,06/14/2021,"42,390","42,390"
Missouri,06/14/2021,"89,820","89,820"
Nebraska,06/14/2021,"28,800","28,800"
Colorado,06/14/2021,"82,710","82,710"
Montana,06/14/2021,"16,830","16,830"
North Dakota,06/14/2021,"11,520","11,520"
South Dakota,06/14/2021,"13,140","13,140"
Utah,06/14/2021,"41,220","41,220"
Wyoming,06/14/2021,"9,450","9,450"
Arizona,06/14/2021,"102,510","102,510"
California,06/14/2021,"575,640","575,640"
Hawaii,06/14/2021,"22,590","22,590"
Nevada,06/14/2021,"42,840","42,840"
American Samoa,06/14/2021,0,0
Guam,06/14/2021,0,0
Marshall Islands,06/14/2021,0,0
Micronesia,06/14/2021,0,0
Mariana Islands,06/14/2021,0,0
Palau,06/14/2021,0,0
Alaska,06/14/2021,"16,830","16,830"
Idaho,06/14/2021,"25,110","25,110"
Oregon,06/14/2021,"62,190","62,190"
Washington,06/14/2021,"109,170","109,170"
Federal Entities,06/14/2021,"219,060","219,060"
Connecticut,06/07/2021,"54,360","54,360"
Maine,06/07/2021,"21,420","21,420"
Massachusetts,06/07/2021,"104,580","104,580"
New Hampshire,06/07/2021,"21,420","21,420"
Rhode Island,06/07/2021,"17,280","17,280"
Vermont,06/07/2021,"11,070","11,070"
New Jersey,06/07/2021,"132,210","132,210"
New York,06/07/2021,"167,670","167,670"
New York City,06/07/2021,"128,070","128,070"
Puerto Rico,06/07/2021,"52,290","52,290"
U.S. Virgin Islands,06/07/2021,"3,240","3,240"
Delaware,06/07/2021,"15,210","15,210"
District of Columbia,06/07/2021,"11,520","11,520"
Maryland,06/07/2021,"89,370","89,370"
Pennsylvania,06/07/2021,"170,460","170,460"
Philadelphia,06/07/2021,"24,660","24,660"
Virginia,06/07/2021,"126,000","126,000"
West Virginia,06/07/2021,"28,800","28,800"
Alabama,06/07/2021,"72,090","72,090"
Florida,06/07/2021,"314,640","314,640"
Georgia,06/07/2021,"149,490","149,490"
Kentucky,06/07/2021,"65,880","65,880"
Mississippi,06/07/2021,"44,460","44,460"
North Carolina,06/07/2021,"149,940","149,940"
South Carolina,06/07/2021,"74,160","74,160"
Tennessee,06/07/2021,"98,820","98,820"
Chicago,06/07/2021,"40,770","40,770"
Illinois,06/07/2021,"149,490","149,490"
Indiana,06/07/2021,"97,200","97,200"
Michigan,06/07/2021,"147,870","147,870"
Minnesota,06/07/2021,"81,540","81,540"
Ohio,06/07/2021,"172,530","172,530"
Wisconsin,06/07/2021,"85,680","85,680"
Arkansas,06/07/2021,"44,460","44,460"
Louisiana,06/07/2021,"69,120","69,120"
New Mexico,06/07/2021,"32,490","32,490"
Oklahoma,06/07/2021,"57,600","57,600"
Texas,06/07/2021,"393,660","393,660"
Iowa,06/07/2021,"46,530","46,530"
Kansas,06/07/2021,"42,390","42,390"
Missouri,06/07/2021,"89,820","89,820"
Nebraska,06/07/2021,"28,800","28,800"
Colorado,06/07/2021,"82,710","82,710"
Montana,06/07/2021,"16,830","16,830"
North Dakota,06/07/2021,"11,520","11,520"
South Dakota,06/07/2021,"13,140","13,140"
Utah,06/07/2021,"41,220","41,220"
Wyoming,06/07/2021,"9,450","9,450"
Arizona,06/07/2021,"102,510","102,510"
California,06/07/2021,"575,640","575,640"
Hawaii,06/07/2021,"22,590","22,590"
Nevada,06/07/2021,"42,840","42,840"
American Samoa,06/07/2021,0,0
Guam,06/07/2021,0,0
Marshall Islands,06/07/2021,0,0
Micronesia,06/07/2021,0,0
Mariana Islands,06/07/2021,0,0
Palau,06/07/2021,0,0
Alaska,06/07/2021,"16,830","16,830"
Idaho,06/07/2021,"25,110","25,110"
Oregon,06/07/2021,"62,190","62,190"
Washington,06/07/2021,"109,170","109,170"
Federal Entities,06/07/2021,"219,060","219,060"
Connecticut,05/31/2021,"54,360","54,360"
Maine,05/31/2021,"21,420","21,420"
Massachusetts,05/31/2021,"104,580","104,580"
New Hampshire,05/31/2021,"21,420","21,420"
Rhode Island,05/31/2021,"17,280","17,280"
Vermont,05/31/2021,"11,070","11,070"
New Jersey,05/31/2021,"132,210","132,210"
New York,05/31/2021,"167,670","167,670"
New York City,05/31/2021,"128,070","128,070"
Puerto Rico,05/31/2021,"52,290","52,290"
U.S. Virgin Islands,05/31/2021,"3,240","3,240"
Delaware,05/31/2021,"15,210","15,210"
District of Columbia,05/31/2021,"11,520","11,520"
Maryland,05/31/2021,"89,370","89,370"
Pennsylvania,05/31/2021,"170,460","170,460"
Philadelphia,05/31/2021,"24,660","24,660"
Virginia,05/31/2021,"126,000","126,000"
West Virginia,05/31/2021,"28,800","28,800"
Alabama,05/31/2021,"72,090","72,090"
Florida,05/31/2021,"314,640","314,640"
Georgia,05/31/2021,"149,490","149,490"
Kentucky,05/31/2021,"65,880","65,880"
Mississippi,05/31/2021,"44,460","44,460"
North Carolina,05/31/2021,"149,940","149,940"
South Carolina,05/31/2021,"74,160","74,160"
Tennessee,05/31/2021,"98,820","98,820"
Chicago,05/31/2021,"40,770","40,770"
Illinois,05/31/2021,"149,490","149,490"
Indiana,05/31/2021,"97,200","97,200"
Michigan,05/31/2021,"147,870","147,870"
Minnesota,05/31/2021,"81,540","81,540"
Ohio,05/31/2021,"172,530","172,530"
Wisconsin,05/31/2021,"85,680","85,680"
Arkansas,05/31/2021,"44,460","44,460"
Louisiana,05/31/2021,"69,120","69,120"
New Mexico,05/31/2021,"32,490","32,490"
Oklahoma,05/31/2021,"57,600","57,600"
Texas,05/31/2021,"393,660","393,660"
Iowa,05/31/2021,"46,530","46,530"
Kansas,05/31/2021,"42,390","42,390"
Missouri,05/31/2021,"89,820","89,820"
Nebraska,05/31/2021,"28,800","28,800"
Colorado,05/31/2021,"82,710","82,710"
Montana,05/31/2021,"16,830","16,830"
North Dakota,05/31/2021,"11,520","11,520"
South Dakota,05/31/2021,"13,140","13,140"
Utah,05/31/2021,"41,220","41,220"
Wyoming,05/31/2021,"9,450","9,450"
Arizona,05/31/2021,"102,510","102,510"
California,05/31/2021,"575,640","575,640"
Hawaii,05/31/2021,"22,590","22,590"
Nevada,05/31/2021,"42,840","42,840"
American Samoa,05/31/2021,0,0
Guam,05/31/2021,0,0
Marshall Islands,05/31/2021,0,0
Micronesia,05/31/2021,0,0
Mariana Islands,05/31/2021,0,0
Palau,05/31/2021,0,0
Alaska,05/31/2021,"16,830","16,830"
Idaho,05/31/2021,"25,110","25,110"
Oregon,05/31/2021,"62,190","62,190"
Washington,05/31/2021,"109,170","109,170"
Federal Entities,05/31/2021,"218,790","218,790"
Connecticut,05/24/2021,"54,990","54,990"
Maine,05/24/2021,"21,060","21,060"
Massachusetts,05/24/2021,"105,300","105,300"
New Hampshire,05/24/2021,"21,060","21,060"
Rhode Island,05/24/2021,"16,380","16,380"
Vermont,05/24/2021,"10,530","10,530"
New Jersey,05/24/2021,"132,210","132,210"
New York,05/24/2021,"168,480","168,480"
New York City,05/24/2021,"128,700","128,700"
Puerto Rico,05/24/2021,"52,650","52,650"
U.S. Virgin Islands,05/24/2021,"2,340","2,340"
Delaware,05/24/2021,"15,210","15,210"
District of Columbia,05/24/2021,"11,700","11,700"
Maryland,05/24/2021,"90,090","90,090"
Pennsylvania,05/24/2021,"170,820","170,820"
Philadelphia,05/24/2021,"24,570","24,570"
Virginia,05/24/2021,"126,360","126,360"
West Virginia,05/24/2021,"28,080","28,080"
Alabama,05/24/2021,"72,540","72,540"
Florida,05/24/2021,"314,730","314,730"
Georgia,05/24/2021,"149,760","149,760"
Kentucky,05/24/2021,"66,690","66,690"
Mississippi,05/24/2021,"44,460","44,460"
North Carolina,05/24/2021,"150,930","150,930"
South Carolina,05/24/2021,"74,880","74,880"
Tennessee,05/24/2021,"99,450","99,450"
Chicago,05/24/2021,"40,950","40,950"
Illinois,05/24/2021,"149,760","149,760"
Indiana,05/24/2021,"97,110","97,110"
Michigan,05/24/2021,"148,590","148,590"
Minnesota,05/24/2021,"81,900","81,900"
Ohio,05/24/2021,"173,160","173,160"
Wisconsin,05/24/2021,"86,580","86,580"
Arkansas,05/24/2021,"44,460","44,460"
Louisiana,05/24/2021,"69,030","69,030"
New Mexico,05/24/2021,"31,590","31,590"
Oklahoma,05/24/2021,"57,330","57,330"
Texas,05/24/2021,"394,290","394,290"
Iowa,05/24/2021,"46,800","46,800"
Kansas,05/24/2021,"42,120","42,120"
Missouri,05/24/2021,"90,090","90,090"
Nebraska,05/24/2021,"28,080","28,080"
Colorado,05/24/2021,"81,900","81,900"
Montana,05/24/2021,"16,380","16,380"
North Dakota,05/24/2021,"11,700","11,700"
South Dakota,05/24/2021,"12,870","12,870"
Utah,05/24/2021,"40,950","40,950"
Wyoming,05/24/2021,"9,360","9,360"
Arizona,05/24/2021,"102,960","102,960"
California,05/24/2021,"575,640","575,640"
Hawaii,05/24/2021,"22,230","22,230"
Nevada,05/24/2021,"43,290","43,290"
American Samoa,05/24/2021,0,0
Guam,05/24/2021,0,0
Marshall Islands,05/24/2021,0,0
Micronesia,05/24/2021,0,0
Mariana Islands,05/24/2021,0,0
Palau,05/24/2021,0,0
Alaska,05/24/2021,"16,380","16,380"
Idaho,05/24/2021,"24,570","24,570"
Oregon,05/24/2021,"62,010","62,010"
Washington,05/24/2021,"109,980","109,980"
Federal Entities,05/24/2021,"218,790","218,790"
Connecticut,05/17/2021,"54,990","54,990"
Maine,05/17/2021,"21,060","21,060"
Massachusetts,05/17/2021,"105,300","105,300"
New Hampshire,05/17/2021,"21,060","21,060"
Rhode Island,05/17/2021,"16,380","16,380"
Vermont,05/17/2021,"10,530","10,530"
New Jersey,05/17/2021,"132,210","132,210"
New York,05/17/2021,"168,480","168,480"
New York City,05/17/2021,"128,700","128,700"
Puerto Rico,05/17/2021,"52,650","52,650"
U.S. Virgin Islands,05/17/2021,"2,340","2,340"
Delaware,05/17/2021,"15,210","15,210"
District of Columbia,05/17/2021,"11,700","11,700"
Maryland,05/17/2021,"90,090","90,090"
Pennsylvania,05/17/2021,"170,820","170,820"
Philadelphia,05/17/2021,"24,570","24,570"
Virginia,05/17/2021,"126,360","126,360"
West Virginia,05/17/2021,"28,080","28,080"
Alabama,05/17/2021,"72,540","72,540"
Florida,05/17/2021,"314,730","314,730"
Georgia,05/17/2021,"149,760","149,760"
Kentucky,05/17/2021,"66,690","66,690"
Mississippi,05/17/2021,"44,460","44,460"
North Carolina,05/17/2021,"150,930","150,930"
South Carolina,05/17/2021,"74,880","74,880"
Tennessee,05/17/2021,"99,450","99,450"
Chicago,05/17/2021,"40,950","40,950"
Illinois,05/17/2021,"149,760","149,760"
Indiana,05/17/2021,"97,110","97,110"
Michigan,05/17/2021,"148,590","148,590"
Minnesota,05/17/2021,"81,900","81,900"
Ohio,05/17/2021,"173,160","173,160"
Wisconsin,05/17/2021,"86,580","86,580"
Arkansas,05/17/2021,"44,460","44,460"
Louisiana,05/17/2021,"69,030","69,030"
New Mexico,05/17/2021,"31,590","31,590"
Oklahoma,05/17/2021,"57,330","57,330"
Texas,05/17/2021,"394,290","394,290"
Iowa,05/17/2021,"46,800","46,800"
Kansas,05/17/2021,"42,120","42,120"
Missouri,05/17/2021,"90,090","90,090"
Nebraska,05/17/2021,"28,080","28,080"
Colorado,05/17/2021,"81,900","81,900"
Montana,05/17/2021,"16,380","16,380"
North Dakota,05/17/2021,"11,700","11,700"
South Dakota,05/17/2021,"12,870","12,870"
Utah,05/17/2021,"40,950","40,950"
Wyoming,05/17/2021,"9,360","9,360"
Arizona,05/17/2021,"102,960","102,960"
California,05/17/2021,"575,640","575,640"
Hawaii,05/17/2021,"22,230","22,230"
Nevada,05/17/2021,"43,290","43,290"
American Samoa,05/17/2021,0,0
Guam,05/17/2021,0,0
Marshall Islands,05/17/2021,0,0
Micronesia,05/17/2021,0,0
Mariana Islands,05/17/2021,0,0
Palau,05/17/2021,0,0
Alaska,05/17/2021,"16,380","16,380"
Idaho,05/17/2021,"24,570","24,570"
Oregon,05/17/2021,"62,010","62,010"
Washington,05/17/2021,"109,980","109,980"
Federal Entities,05/17/2021,"218,790","218,790"
Connecticut,05/10/2021,"54,990","54,990"
Maine,05/10/2021,"21,060","21,060"
Massachusetts,05/10/2021,"105,300","105,300"
New Hampshire,05/10/2021,"21,060","21,060"
Rhode Island,05/10/2021,"16,380","16,380"
Vermont,05/10/2021,"10,530","10,530"
New Jersey,05/10/2021,"132,210","132,210"
New York,05/10/2021,"168,480","168,480"
New York City,05/10/2021,"128,700","128,700"
Puerto Rico,05/10/2021,"52,650","52,650"
U.S. Virgin Islands,05/10/2021,"2,340","2,340"
Delaware,05/10/2021,"15,210","15,210"
District of Columbia,05/10/2021,"11,700","11,700"
Maryland,05/10/2021,"90,090","90,090"
Pennsylvania,05/10/2021,"170,820","170,820"
Philadelphia,05/10/2021,"24,570","24,570"
Virginia,05/10/2021,"126,360","126,360"
West Virginia,05/10/2021,"28,080","28,080"
Alabama,05/10/2021,"72,540","72,540"
Florida,05/10/2021,"314,730","314,730"
Georgia,05/10/2021,"149,760","149,760"
Kentucky,05/10/2021,"66,690","66,690"
Mississippi,05/10/2021,"44,460","44,460"
North Carolina,05/10/2021,"150,930","150,930"
South Carolina,05/10/2021,"74,880","74,880"
Tennessee,05/10/2021,"99,450","99,450"
Chicago,05/10/2021,"40,950","40,950"
Illinois,05/10/2021,"149,760","149,760"
Indiana,05/10/2021,"97,110","97,110"
Michigan,05/10/2021,"148,590","148,590"
Minnesota,05/10/2021,"81,900","81,900"
Ohio,05/10/2021,"173,160","173,160"
Wisconsin,05/10/2021,"86,580","86,580"
Arkansas,05/10/2021,"44,460","44,460"
Louisiana,05/10/2021,"69,030","69,030"
New Mexico,05/10/2021,"31,590","31,590"
Oklahoma,05/10/2021,"57,330","57,330"
Texas,05/10/2021,"394,290","394,290"
Iowa,05/10/2021,"46,800","46,800"
Kansas,05/10/2021,"42,120","42,120"
Missouri,05/10/2021,"90,090","90,090"
Nebraska,05/10/2021,"28,080","28,080"
Colorado,05/10/2021,"81,900","81,900"
Montana,05/10/2021,"16,380","16,380"
North Dakota,05/10/2021,"11,700","11,700"
South Dakota,05/10/2021,"12,870","12,870"
Utah,05/10/2021,"40,950","40,950"
Wyoming,05/10/2021,"9,360","9,360"
Arizona,05/10/2021,"102,960","102,960"
California,05/10/2021,"575,640","575,640"
Hawaii,05/10/2021,"22,230","22,230"
Nevada,05/10/2021,"43,290","43,290"
American Samoa,05/10/2021,0,0
Guam,05/10/2021,0,0
Marshall Islands,05/10/2021,0,0
Micronesia,05/10/2021,0,0
Mariana Islands,05/10/2021,0,0
Palau,05/10/2021,0,0
Alaska,05/10/2021,"16,380","16,380"
Idaho,05/10/2021,"24,570","24,570"
Oregon,05/10/2021,"62,010","62,010"
Washington,05/10/2021,"109,980","109,980"
Federal Entities,05/10/2021,"218,790","218,790"
Connecticut,05/03/2021,"54,990","54,990"
Maine,05/03/2021,"21,060","21,060"
Massachusetts,05/03/2021,"105,300","105,300"
New Hampshire,05/03/2021,"21,060","21,060"
Rhode Island,05/03/2021,"16,380","16,380"
Vermont,05/03/2021,"10,530","10,530"
New Jersey,05/03/2021,"132,210","132,210"
New York,05/03/2021,"168,480","168,480"
New York City,05/03/2021,"128,700","128,700"
Puerto Rico,05/03/2021,"52,650","52,650"
U.S. Virgin Islands,05/03/2021,"2,340","2,340"
Delaware,05/03/2021,"15,210","15,210"
District of Columbia,05/03/2021,"11,700","11,700"
Maryland,05/03/2021,"90,090","90,090"
Pennsylvania,05/03/2021,"170,820","170,820"
Philadelphia,05/03/2021,"24,570","24,570"
Virginia,05/03/2021,"126,360","126,360"
West Virginia,05/03/2021,"28,080","28,080"
Alabama,05/03/2021,"72,540","72,540"
Florida,05/03/2021,"314,730","314,730"
Georgia,05/03/2021,"149,760","149,760"
Kentucky,05/03/2021,"66,690","66,690"
Mississippi,05/03/2021,"44,460","44,460"
North Carolina,05/03/2021,"150,930","150,930"
South Carolina,05/03/2021,"74,880","74,880"
Tennessee,05/03/2021,"99,450","99,450"
Chicago,05/03/2021,"40,950","40,950"
Illinois,05/03/2021,"149,760","149,760"
Indiana,05/03/2021,"97,110","97,110"
Michigan,05/03/2021,"148,590","148,590"
Minnesota,05/03/2021,"81,900","81,900"
Ohio,05/03/2021,"173,160","173,160"
Wisconsin,05/03/2021,"86,580","86,580"
Arkansas,05/03/2021,"44,460","44,460"
Louisiana,05/03/2021,"69,030","69,030"
New Mexico,05/03/2021,"31,590","31,590"
Oklahoma,05/03/2021,"57,330","57,330"
Texas,05/03/2021,"394,290","394,290"
Iowa,05/03/2021,"46,800","46,800"
Kansas,05/03/2021,"42,120","42,120"
Missouri,05/03/2021,"90,090","90,090"
Nebraska,05/03/2021,"28,080","28,080"
Colorado,05/03/2021,"81,900","81,900"
Montana,05/03/2021,"16,380","16,380"
North Dakota,05/03/2021,"11,700","11,700"
South Dakota,05/03/2021,"12,870","12,870"
Utah,05/03/2021,"40,950","40,950"
Wyoming,05/03/2021,"9,360","9,360"
Arizona,05/03/2021,"102,960","102,960"
California,05/03/2021,"575,640","575,640"
Hawaii,05/03/2021,"22,230","22,230"
Nevada,05/03/2021,"43,290","43,290"
American Samoa,05/03/2021,0,0
Guam,05/03/2021,0,0
Marshall Islands,05/03/2021,0,0
Micronesia,05/03/2021,0,0
Mariana Islands,05/03/2021,0,0
Palau,05/03/2021,0,0
Alaska,05/03/2021,"18,720","18,720"
Idaho,05/03/2021,"24,570","24,570"
Oregon,05/03/2021,"62,010","62,010"
Washington,05/03/2021,"109,980","109,980"
Federal Entities,05/03/2021,"218,790","218,790"
Connecticut,04/26/2021,"54,990","54,990"
Maine,04/26/2021,"21,060","21,060"
Massachusetts,04/26/2021,"105,300","105,300"
New Hampshire,04/26/2021,"21,060","21,060"
Rhode Island,04/26/2021,"16,380","16,380"
Vermont,04/26/2021,"10,530","10,530"
New Jersey,04/26/2021,"132,210","132,210"
New York,04/26/2021,"168,480","168,480"
New York City,04/26/2021,"128,700","128,700"
Puerto Rico,04/26/2021,"52,650","52,650"
U.S. Virgin Islands,04/26/2021,"2,340","2,340"
Delaware,04/26/2021,"15,210","15,210"
District of Columbia,04/26/2021,"11,700","11,700"
Maryland,04/26/2021,"90,090","90,090"
Pennsylvania,04/26/2021,"170,820","170,820"
Philadelphia,04/26/2021,"24,570","24,570"
Virginia,04/26/2021,"126,360","126,360"
West Virginia,04/26/2021,"28,080","28,080"
Alabama,04/26/2021,"72,540","72,540"
Florida,04/26/2021,"314,730","314,730"
Georgia,04/26/2021,"149,760","149,760"
Kentucky,04/26/2021,"66,690","66,690"
Mississippi,04/26/2021,"44,460","44,460"
North Carolina,04/26/2021,"150,930","150,930"
South Carolina,04/26/2021,"74,880","74,880"
Tennessee,04/26/2021,"99,450","99,450"
Chicago,04/26/2021,"40,950","40,950"
Illinois,04/26/2021,"149,760","149,760"
Indiana,04/26/2021,"97,110","97,110"
Michigan,04/26/2021,"148,590","148,590"
Minnesota,04/26/2021,"81,900","81,900"
Ohio,04/26/2021,"173,160","173,160"
Wisconsin,04/26/2021,"86,580","86,580"
Arkansas,04/26/2021,"44,460","44,460"
Louisiana,04/26/2021,"69,030","69,030"
New Mexico,04/26/2021,"31,590","31,590"
Oklahoma,04/26/2021,"57,330","57,330"
Texas,04/26/2021,"394,290","394,290"
Iowa,04/26/2021,"46,800","46,800"
Kansas,04/26/2021,"42,120","42,120"
Missouri,04/26/2021,"90,090","90,090"
Nebraska,04/26/2021,"28,080","28,080"
Colorado,04/26/2021,"81,900","81,900"
Montana,04/26/2021,"16,380","16,380"
North Dakota,04/26/2021,"11,700","11,700"
South Dakota,04/26/2021,"12,870","12,870"
Utah,04/26/2021,"40,950","40,950"
Wyoming,04/26/2021,"9,360","9,360"
Arizona,04/26/2021,"102,960","102,960"
California,04/26/2021,"575,640","575,640"
Hawaii,04/26/2021,"22,230","22,230"
Nevada,04/26/2021,"43,290","43,290"
American Samoa,04/26/2021,0,0
Guam,04/26/2021,0,0
Marshall Islands,04/26/2021,0,0
Micronesia,04/26/2021,0,0
Mariana Islands,04/26/2021,0,0
Palau,04/26/2021,0,0
Alaska,04/26/2021,0,0
Idaho,04/26/2021,"24,570","24,570"
Oregon,04/26/2021,"62,010","62,010"
Washington,04/26/2021,"109,980","109,980"
Federal Entities,04/26/2021,"218,790","218,790"
Connecticut,04/19/2021,"54,990","54,990"
Maine,04/19/2021,"21,060","21,060"
Massachusetts,04/19/2021,"105,300","105,300"
New Hampshire,04/19/2021,"21,060","21,060"
Rhode Island,04/19/2021,"16,380","16,380"
Vermont,04/19/2021,"10,530","10,530"
New Jersey,04/19/2021,"132,210","132,210"
New York,04/19/2021,"168,480","168,480"
New York City,04/19/2021,"128,700","128,700"
Puerto Rico,04/19/2021,"52,650","52,650"
U.S. Virgin Islands,04/19/2021,"2,340","2,340"
Delaware,04/19/2021,"15,210","15,210"
District of Columbia,04/19/2021,"11,700","11,700"
Maryland,04/19/2021,"90,090","90,090"
Pennsylvania,04/19/2021,"170,820","170,820"
Philadelphia,04/19/2021,"24,570","24,570"
Virginia,04/19/2021,"126,360","126,360"
West Virginia,04/19/2021,"28,080","28,080"
Alabama,04/19/2021,"72,540","72,540"
Florida,04/19/2021,"314,730","314,730"
Georgia,04/19/2021,"149,760","149,760"
Kentucky,04/19/2021,"66,690","66,690"
Mississippi,04/19/2021,"44,460","44,460"
North Carolina,04/19/2021,"150,930","150,930"
South Carolina,04/19/2021,"74,880","74,880"
Tennessee,04/19/2021,"99,450","99,450"
Chicago,04/19/2021,"40,950","40,950"
Illinois,04/19/2021,"149,760","149,760"
Indiana,04/19/2021,"97,110","97,110"
Michigan,04/19/2021,"148,590","148,590"
Minnesota,04/19/2021,"81,900","81,900"
Ohio,04/19/2021,"173,160","173,160"
Wisconsin,04/19/2021,"86,580","86,580"
Arkansas,04/19/2021,"44,460","44,460"
Louisiana,04/19/2021,"69,030","69,030"
New Mexico,04/19/2021,"31,590","31,590"
Oklahoma,04/19/2021,"57,330","57,330"
Texas,04/19/2021,"394,290","394,290"
Iowa,04/19/2021,"46,800","46,800"
Kansas,04/19/2021,"42,120","42,120"
Missouri,04/19/2021,"90,090","90,090"
Nebraska,04/19/2021,"28,080","28,080"
Colorado,04/19/2021,"81,900","81,900"
Montana,04/19/2021,"16,380","16,380"
North Dakota,04/19/2021,"11,700","11,700"
South Dakota,04/19/2021,"12,870","12,870"
Utah,04/19/2021,"40,950","40,950"
Wyoming,04/19/2021,"9,360","9,360"
Arizona,04/19/2021,"102,960","102,960"
California,04/19/2021,"575,640","575,640"
Hawaii,04/19/2021,"22,230","22,230"
Nevada,04/19/2021,"43,290","43,290"
American Samoa,04/19/2021,0,0
Guam,04/19/2021,0,0
Marshall Islands,04/19/2021,0,0
Micronesia,04/19/2021,0,0
Mariana Islands,04/19/2021,0,0
Palau,04/19/2021,0,0
Alaska,04/19/2021,0,0
Idaho,04/19/2021,"24,570","24,570"
Oregon,04/19/2021,"62,010","62,010"
Washington,04/19/2021,"109,980","109,980"
Federal Entities,04/19/2021,"203,580","203,580"
Connecticut,04/12/2021,"51,480","51,480"
Maine,04/12/2021,"19,890","19,890"
Massachusetts,04/12/2021,"97,110","97,110"
New Hampshire,04/12/2021,"19,890","19,890"
Rhode Island,04/12/2021,"15,210","15,210"
Vermont,04/12/2021,"9,360","9,360"
New Jersey,04/12/2021,"124,020","124,020"
New York,04/12/2021,"156,780","156,780"
New York City,04/12/2021,"119,340","119,340"
Puerto Rico,04/12/2021,"49,140","49,140"
U.S. Virgin Islands,04/12/2021,"2,340","2,340"
Delaware,04/12/2021,"14,040","14,040"
District of Columbia,04/12/2021,"10,530","10,530"
Maryland,04/12/2021,"83,070","83,070"
Pennsylvania,04/12/2021,"159,120","159,120"
Philadelphia,04/12/2021,"22,230","22,230"
Virginia,04/12/2021,"117,000","117,000"
West Virginia,04/12/2021,"26,910","26,910"
Alabama,04/12/2021,"67,860","67,860"
Florida,04/12/2021,"293,670","293,670"
Georgia,04/12/2021,"139,230","139,230"
Kentucky,04/12/2021,"62,010","62,010"
Mississippi,04/12/2021,"40,950","40,950"
North Carolina,04/12/2021,"140,400","140,400"
South Carolina,04/12/2021,"69,030","69,030"
Tennessee,04/12/2021,"92,430","92,430"
Chicago,04/12/2021,"37,440","37,440"
Illinois,04/12/2021,"139,230","139,230"
Indiana,04/12/2021,"91,260","91,260"
Michigan,04/12/2021,"139,230","139,230"
Minnesota,04/12/2021,"76,050","76,050"
Ohio,04/12/2021,"161,460","161,460"
Wisconsin,04/12/2021,"80,730","80,730"
Arkansas,04/12/2021,"40,950","40,950"
Louisiana,04/12/2021,"64,350","64,350"
New Mexico,04/12/2021,"29,250","29,250"
Oklahoma,04/12/2021,"53,820","53,820"
Texas,04/12/2021,"367,380","367,380"
Iowa,04/12/2021,"43,290","43,290"
Kansas,04/12/2021,"39,780","39,780"
Missouri,04/12/2021,"84,240","84,240"
Nebraska,04/12/2021,"26,910","26,910"
Colorado,04/12/2021,"76,050","76,050"
Montana,04/12/2021,"15,210","15,210"
North Dakota,04/12/2021,"10,530","10,530"
South Dakota,04/12/2021,"11,700","11,700"
Utah,04/12/2021,"38,610","38,610"
Wyoming,04/12/2021,"8,190","8,190"
Arizona,04/12/2021,"95,940","95,940"
California,04/12/2021,"535,860","535,860"
Hawaii,04/12/2021,"19,890","19,890"
Nevada,04/12/2021,"40,950","40,950"
American Samoa,04/12/2021,0,0
Guam,04/12/2021,0,0
Marshall Islands,04/12/2021,0,0
Micronesia,04/12/2021,0,0
Mariana Islands,04/12/2021,0,0
Palau,04/12/2021,0,0
Alaska,04/12/2021,0,0
Idaho,04/12/2021,"23,400","23,400"
Oregon,04/12/2021,"58,500","58,500"
Washington,04/12/2021,"102,960","102,960"
Federal Entities,04/12/2021,"201,240","201,240"
Connecticut,04/05/2021,"50,310","50,310"
Maine,04/05/2021,"19,890","19,890"
Massachusetts,04/05/2021,"95,940","95,940"
New Hampshire,04/05/2021,"19,890","19,890"
Rhode Island,04/05/2021,"15,210","15,210"
Vermont,04/05/2021,"9,360","9,360"
New Jersey,04/05/2021,"120,510","120,510"
New York,04/05/2021,"153,270","153,270"
New York City,04/05/2021,"117,000","117,000"
Puerto Rico,04/05/2021,"47,970","47,970"
U.S. Virgin Islands,04/05/2021,"2,340","2,340"
Delaware,04/05/2021,"14,040","14,040"
District of Columbia,04/05/2021,"10,530","10,530"
Maryland,04/05/2021,"81,900","81,900"
Pennsylvania,04/05/2021,"155,610","155,610"
Philadelphia,04/05/2021,"22,230","22,230"
Virginia,04/05/2021,"114,660","114,660"
West Virginia,04/05/2021,"25,740","25,740"
Alabama,04/05/2021,"66,690","66,690"
Florida,04/05/2021,"286,650","286,650"
Georgia,04/05/2021,"136,890","136,890"
Kentucky,04/05/2021,"60,840","60,840"
Mississippi,04/05/2021,"39,780","39,780"
North Carolina,04/05/2021,"138,060","138,060"
South Carolina,04/05/2021,"67,860","67,860"
Tennessee,04/05/2021,"90,090","90,090"
Chicago,04/05/2021,"37,440","37,440"
Illinois,04/05/2021,"136,890","136,890"
Indiana,04/05/2021,"88,920","88,920"
Michigan,04/05/2021,"135,720","135,720"
Minnesota,04/05/2021,"74,880","74,880"
Ohio,04/05/2021,"157,950","157,950"
Wisconsin,04/05/2021,"79,560","79,560"
Arkansas,04/05/2021,"39,780","39,780"
Louisiana,04/05/2021,"62,010","62,010"
New Mexico,04/05/2021,"29,250","29,250"
Oklahoma,04/05/2021,"52,650","52,650"
Texas,04/05/2021,"359,190","359,190"
Iowa,04/05/2021,"42,120","42,120"
Kansas,04/05/2021,"38,610","38,610"
Missouri,04/05/2021,"83,070","83,070"
Nebraska,04/05/2021,"25,740","25,740"
Colorado,04/05/2021,"74,880","74,880"
Montana,04/05/2021,"15,210","15,210"
North Dakota,04/05/2021,"10,530","10,530"
South Dakota,04/05/2021,"11,700","11,700"
Utah,04/05/2021,"37,440","37,440"
Wyoming,04/05/2021,"8,190","8,190"
Arizona,04/05/2021,"93,600","93,600"
California,04/05/2021,"524,160","524,160"
Hawaii,04/05/2021,"19,890","19,890"
Nevada,04/05/2021,"39,780","39,780"
American Samoa,04/05/2021,0,0
Guam,04/05/2021,0,0
Marshall Islands,04/05/2021,0,0
Micronesia,04/05/2021,0,0
Mariana Islands,04/05/2021,0,0
Palau,04/05/2021,0,0
Alaska,04/05/2021,0,0
Idaho,04/05/2021,"22,230","22,230"
Oregon,04/05/2021,"57,330","57,330"
Washington,04/05/2021,"100,620","100,620"
Federal Entities,04/05/2021,"243,360","243,360"
Connecticut,03/29/2021,"60,840","60,840"
Maine,03/29/2021,"23,400","23,400"
Massachusetts,03/29/2021,"117,000","117,000"
New Hampshire,03/29/2021,"23,400","23,400"
Rhode Island,03/29/2021,"18,720","18,720"
Vermont,03/29/2021,"11,700","11,700"
New Jersey,03/29/2021,"148,590","148,590"
New York,03/29/2021,"188,370","188,370"
New York City,03/29/2021,"143,910","143,910"
Puerto Rico,03/29/2021,"58,500","58,500"
U.S. Virgin Islands,03/29/2021,"2,340","2,340"
Delaware,03/29/2021,"16,380","16,380"
District of Columbia,03/29/2021,"12,870","12,870"
Maryland,03/29/2021,"100,620","100,620"
Pennsylvania,03/29/2021,"190,710","190,710"
Philadelphia,03/29/2021,"26,910","26,910"
Virginia,03/29/2021,"140,400","140,400"
West Virginia,03/29/2021,"31,590","31,590"
Alabama,03/29/2021,"80,730","80,730"
Florida,03/29/2021,"352,170","352,170"
Georgia,03/29/2021,"167,310","167,310"
Kentucky,03/29/2021,"73,710","73,710"
Mississippi,03/29/2021,"49,140","49,140"
North Carolina,03/29/2021,"168,480","168,480"
South Carolina,03/29/2021,"83,070","83,070"
Tennessee,03/29/2021,"111,150","111,150"
Chicago,03/29/2021,"45,630","45,630"
Illinois,03/29/2021,"167,310","167,310"
Indiana,03/29/2021,"108,810","108,810"
Michigan,03/29/2021,"166,140","166,140"
Minnesota,03/29/2021,"91,260","91,260"
Ohio,03/29/2021,"194,220","194,220"
Wisconsin,03/29/2021,"97,110","97,110"
Arkansas,03/29/2021,"49,140","49,140"
Louisiana,03/29/2021,"77,220","77,220"
New Mexico,03/29/2021,"35,100","35,100"
Oklahoma,03/29/2021,"64,350","64,350"
Texas,03/29/2021,"441,090","441,090"
Iowa,03/29/2021,"51,480","51,480"
Kansas,03/29/2021,"47,970","47,970"
Missouri,03/29/2021,"101,790","101,790"
Nebraska,03/29/2021,"31,590","31,590"
Colorado,03/29/2021,"92,430","92,430"
Montana,03/29/2021,"17,550","17,550"
North Dakota,03/29/2021,"12,870","12,870"
South Dakota,03/29/2021,"14,040","14,040"
Utah,03/29/2021,"46,800","46,800"
Wyoming,03/29/2021,"10,530","10,530"
Arizona,03/29/2021,"114,660","114,660"
California,03/29/2021,"644,670","644,670"
Hawaii,03/29/2021,"24,570","24,570"
Nevada,03/29/2021,"49,140","49,140"
American Samoa,03/29/2021,"11,700",0
Guam,03/29/2021,"25,740",0
Marshall Islands,03/29/2021,0,0
Micronesia,03/29/2021,0,0
Mariana Islands,03/29/2021,"11,700",0
Palau,03/29/2021,0,0
Alaska,03/29/2021,"91,260","79,560"
Idaho,03/29/2021,"26,910","26,910"
Oregon,03/29/2021,"70,200","70,200"
Washington,03/29/2021,"122,850","122,850"
Federal Entities,03/29/2021,"201,240","201,240"
Connecticut,03/22/2021,"50,310","50,310"
Maine,03/22/2021,"19,890","19,890"
Massachusetts,03/22/2021,"95,940","95,940"
New Hampshire,03/22/2021,"19,890","19,890"
Rhode Island,03/22/2021,"15,210","15,210"
Vermont,03/22/2021,"9,360","9,360"
New Jersey,03/22/2021,"120,510","120,510"
New York,03/22/2021,"153,270","153,270"
New York City,03/22/2021,"117,000","117,000"
Puerto Rico,03/22/2021,"47,970","47,970"
U.S. Virgin Islands,03/22/2021,"2,340","2,340"
Delaware,03/22/2021,"14,040","14,040"
District of Columbia,03/22/2021,"10,530","10,530"
Maryland,03/22/2021,"81,900","81,900"
Pennsylvania,03/22/2021,"155,610","155,610"
Philadelphia,03/22/2021,"22,230","22,230"
Virginia,03/22/2021,"114,660","114,660"
West Virginia,03/22/2021,"25,740","25,740"
Alabama,03/22/2021,"66,690","66,690"
Florida,03/22/2021,"286,650","286,650"
Georgia,03/22/2021,"136,890","136,890"
Kentucky,03/22/2021,"60,840","60,840"
Mississippi,03/22/2021,"39,780","39,780"
North Carolina,03/22/2021,"138,060","138,060"
South Carolina,03/22/2021,"67,860","67,860"
Tennessee,03/22/2021,"90,090","90,090"
Chicago,03/22/2021,"37,440","37,440"
Illinois,03/22/2021,"136,890","136,890"
Indiana,03/22/2021,"88,920","88,920"
Michigan,03/22/2021,"135,720","135,720"
Minnesota,03/22/2021,"74,880","74,880"
Ohio,03/22/2021,"157,950","157,950"
Wisconsin,03/22/2021,"79,560","79,560"
Arkansas,03/22/2021,"39,780","39,780"
Louisiana,03/22/2021,"62,010","62,010"
New Mexico,03/22/2021,"29,250","29,250"
Oklahoma,03/22/2021,"52,650","52,650"
Texas,03/22/2021,"359,190","359,190"
Iowa,03/22/2021,"42,120","42,120"
Kansas,03/22/2021,"38,610","38,610"
Missouri,03/22/2021,"83,070","83,070"
Nebraska,03/22/2021,"25,740","25,740"
Colorado,03/22/2021,"74,880","74,880"
Montana,03/22/2021,"15,210","15,210"
North Dakota,03/22/2021,"10,530","10,530"
South Dakota,03/22/2021,"11,700","11,700"
Utah,03/22/2021,"37,440","37,440"
Wyoming,03/22/2021,"8,190","8,190"
Arizona,03/22/2021,"93,600","93,600"
California,03/22/2021,"524,160","524,160"
Hawaii,03/22/2021,"19,890","19,890"
Nevada,03/22/2021,"39,780","39,780"
American Samoa,03/22/2021,0,0
Guam,03/22/2021,0,0
Marshall Islands,03/22/2021,0,0
Micronesia,03/22/2021,0,0
Mariana Islands,03/22/2021,0,0
Palau,03/22/2021,0,0
Alaska,03/22/2021,0,0
Idaho,03/22/2021,"22,230","22,230"
Oregon,03/22/2021,"57,330","57,330"
Washington,03/22/2021,"100,620","100,620"
Federal Entities,03/22/2021,"195,390","195,390"
Connecticut,03/15/2021,"49,140","49,140"
Maine,03/15/2021,"18,720","18,720"
Massachusetts,03/15/2021,"93,600","93,600"
New Hampshire,03/15/2021,"18,720","18,720"
Rhode Island,03/15/2021,"15,210","15,210"
Vermont,03/15/2021,"9,360","9,360"
New Jersey,03/15/2021,"119,340","119,340"
New York,03/15/2021,"150,930","150,930"
New York City,03/15/2021,"114,660","114,660"
Puerto Rico,03/15/2021,"46,800","46,800"
U.S. Virgin Islands,03/15/2021,"2,340","2,340"
Delaware,03/15/2021,"12,870","12,870"
District of Columbia,03/15/2021,"10,530","10,530"
Maryland,03/15/2021,"80,730","80,730"
Pennsylvania,03/15/2021,"153,270","153,270"
Philadelphia,03/15/2021,"22,230","22,230"
Virginia,03/15/2021,"112,320","112,320"
West Virginia,03/15/2021,"25,740","25,740"
Alabama,03/15/2021,"65,520","65,520"
Florida,03/15/2021,"281,970","281,970"
Georgia,03/15/2021,"134,550","134,550"
Kentucky,03/15/2021,"59,670","59,670"
Mississippi,03/15/2021,"39,780","39,780"
North Carolina,03/15/2021,"135,720","135,720"
South Carolina,03/15/2021,"66,690","66,690"
Tennessee,03/15/2021,"88,920","88,920"
Chicago,03/15/2021,"36,270","36,270"
Illinois,03/15/2021,"134,550","134,550"
Indiana,03/15/2021,"87,750","87,750"
Michigan,03/15/2021,"133,380","133,380"
Minnesota,03/15/2021,"73,710","73,710"
Ohio,03/15/2021,"155,610","155,610"
Wisconsin,03/15/2021,"78,390","78,390"
Arkansas,03/15/2021,"39,780","39,780"
Louisiana,03/15/2021,"62,010","62,010"
New Mexico,03/15/2021,"28,080","28,080"
Oklahoma,03/15/2021,"51,480","51,480"
Texas,03/15/2021,"353,340","353,340"
Iowa,03/15/2021,"42,120","42,120"
Kansas,03/15/2021,"38,610","38,610"
Missouri,03/15/2021,"80,730","80,730"
Nebraska,03/15/2021,"25,740","25,740"
Colorado,03/15/2021,"73,710","73,710"
Montana,03/15/2021,"14,040","14,040"
North Dakota,03/15/2021,"10,530","10,530"
South Dakota,03/15/2021,"11,700","11,700"
Utah,03/15/2021,"37,440","37,440"
Wyoming,03/15/2021,"8,190","8,190"
Arizona,03/15/2021,"92,430","92,430"
California,03/15/2021,"515,970","515,970"
Hawaii,03/15/2021,"19,890","19,890"
Nevada,03/15/2021,"38,610","38,610"
American Samoa,03/15/2021,0,0
Guam,03/15/2021,0,0
Marshall Islands,03/15/2021,0,0
Micronesia,03/15/2021,0,0
Mariana Islands,03/15/2021,0,0
Palau,03/15/2021,0,0
Alaska,03/15/2021,0,0
Idaho,03/15/2021,"22,230","22,230"
Oregon,03/15/2021,"56,160","56,160"
Washington,03/15/2021,"98,280","98,280"
Federal Entities,03/15/2021,"182,520","182,520"
Connecticut,03/08/2021,"45,630","45,630"
Maine,03/08/2021,"17,550","17,550"
Massachusetts,03/08/2021,"87,750","87,750"
New Hampshire,03/08/2021,"17,550","17,550"
Rhode Island,03/08/2021,"14,040","14,040"
Vermont,03/08/2021,"8,190","8,190"
New Jersey,03/08/2021,"111,150","111,150"
New York,03/08/2021,"140,400","140,400"
New York City,03/08/2021,"106,470","106,470"
Puerto Rico,03/08/2021,"43,290","43,290"
U.S. Virgin Islands,03/08/2021,"2,340","2,340"
Delaware,03/08/2021,"12,870","12,870"
District of Columbia,03/08/2021,"9,360","9,360"
Maryland,03/08/2021,"74,880","74,880"
Pennsylvania,03/08/2021,"141,570","141,570"
Philadelphia,03/08/2021,"19,890","19,890"
Virginia,03/08/2021,"105,300","105,300"
West Virginia,03/08/2021,"23,400","23,400"
Alabama,03/08/2021,"60,840","60,840"
Florida,03/08/2021,"262,080","262,080"
Georgia,03/08/2021,"125,190","125,190"
Kentucky,03/08/2021,"54,990","54,990"
Mississippi,03/08/2021,"36,270","36,270"
North Carolina,03/08/2021,"126,360","126,360"
South Carolina,03/08/2021,"62,010","62,010"
Tennessee,03/08/2021,"83,070","83,070"
Chicago,03/08/2021,"33,930","33,930"
Illinois,03/08/2021,"125,190","125,190"
Indiana,03/08/2021,"80,730","80,730"
Michigan,03/08/2021,"124,020","124,020"
Minnesota,03/08/2021,"67,860","67,860"
Ohio,03/08/2021,"143,910","143,910"
Wisconsin,03/08/2021,"72,540","72,540"
Arkansas,03/08/2021,"37,440","37,440"
Louisiana,03/08/2021,"57,330","57,330"
New Mexico,03/08/2021,"25,740","25,740"
Oklahoma,03/08/2021,"47,970","47,970"
Texas,03/08/2021,"328,770","328,770"
Iowa,03/08/2021,"38,610","38,610"
Kansas,03/08/2021,"35,100","35,100"
Missouri,03/08/2021,"76,050","76,050"
Nebraska,03/08/2021,"23,400","23,400"
Colorado,03/08/2021,"69,030","69,030"
Montana,03/08/2021,"14,040","14,040"
North Dakota,03/08/2021,"10,530","10,530"
South Dakota,03/08/2021,"10,530","10,530"
Utah,03/08/2021,"35,100","35,100"
Wyoming,03/08/2021,"8,190","8,190"
Arizona,03/08/2021,"85,410","85,410"
California,03/08/2021,"479,700","479,700"
Hawaii,03/08/2021,"18,720","18,720"
Nevada,03/08/2021,"36,270","36,270"
American Samoa,03/08/2021,0,0
Guam,03/08/2021,0,0
Marshall Islands,03/08/2021,0,0
Micronesia,03/08/2021,0,0
Mariana Islands,03/08/2021,0,0
Palau,03/08/2021,0,0
Alaska,03/08/2021,0,0
Idaho,03/08/2021,"19,890","19,890"
Oregon,03/08/2021,"51,480","51,480"
Washington,03/08/2021,"91,260","91,260"
Federal Entities,03/08/2021,"230,490","221,130"
Alabama,03/01/2021,"54,990","54,990"
Alaska,03/01/2021,"53,820","53,820"
American Samoa,03/01/2021,"9,360",0
Arizona,03/01/2021,"78,390","78,390"
Arkansas,03/01/2021,"33,930","33,930"
California,03/01/2021,"438,750","438,750"
Chicago,03/01/2021,"31,590","31,590"
Colorado,03/01/2021,"63,180","63,180"
Connecticut,03/01/2021,"42,120","42,120"
Delaware,03/01/2021,"11,700","11,700"
District of Columbia,03/01/2021,"9,360","9,360"
Federal Entities,03/01/2021,"209,430","190,710"
Florida,03/01/2021,"239,850","239,850"
Georgia,03/01/2021,"114,660","114,660"
Guam,03/01/2021,"21,060",0
Hawaii,03/01/2021,"16,380","16,380"
Idaho,03/01/2021,"18,720","18,720"
Illinois,03/01/2021,"114,660","114,660"
Indiana,03/01/2021,"74,880","74,880"
Iowa,03/01/2021,"35,100","35,100"
Kansas,03/01/2021,"32,760","32,760"
Kentucky,03/01/2021,"50,310","50,310"
Louisiana,03/01/2021,"52,650","52,650"
Maine,03/01/2021,"16,380","16,380"
Mariana Islands,03/01/2021,"9,360",0
Marshall Islands,03/01/2021,0,0
Maryland,03/01/2021,"69,030","69,030"
Massachusetts,03/01/2021,"79,560","79,560"
Michigan,03/01/2021,"113,490","113,490"
Micronesia,03/01/2021,0,0
Minnesota,03/01/2021,"62,010","62,010"
Mississippi,03/01/2021,"33,930","33,930"
Missouri,03/01/2021,"69,030","69,030"
Montana,03/01/2021,"12,870","12,870"
Nebraska,03/01/2021,"22,230","22,230"
Nevada,03/01/2021,"33,930","33,930"
New Hampshire,03/01/2021,"16,380","16,380"
New Jersey,03/01/2021,"101,790","101,790"
New Mexico,03/01/2021,"24,570","24,570"
New York,03/01/2021,"128,700","128,700"
New York City,03/01/2021,"98,280","98,280"
North Carolina,03/01/2021,"115,830","115,830"
North Dakota,03/01/2021,"9,360","9,360"
Ohio,03/01/2021,"132,210","132,210"
Oklahoma,03/01/2021,"43,290","43,290"
Oregon,03/01/2021,"47,970","47,970"
Palau,03/01/2021,0,0
Pennsylvania,03/01/2021,"129,870","129,870"
Philadelphia,03/01/2021,"18,720","18,720"
Puerto Rico,03/01/2021,"39,780","39,780"
Rhode Island,03/01/2021,"12,870","12,870"
South Carolina,03/01/2021,"57,330","57,330"
South Dakota,03/01/2021,"10,530","10,530"
Tennessee,03/01/2021,"76,050","76,050"
Texas,03/01/2021,"300,690","300,690"
U.S. Virgin Islands,03/01/2021,"2,340","2,340"
Utah,03/01/2021,"31,590","31,590"
Vermont,03/01/2021,"8,190","8,190"
Virginia,03/01/2021,"95,940","95,940"
Washington,03/01/2021,"84,240","84,240"
West Virginia,03/01/2021,"22,230","22,230"
Wisconsin,03/01/2021,"66,690","66,690"
Wyoming,03/01/2021,"7,020","7,020"
Alabama,02/22/2021,"47,970","47,970"
Alaska,02/22/2021,0,0
American Samoa,02/22/2021,0,0
Arizona,02/22/2021,"69,030","69,030"
Arkansas,02/22/2021,"29,250","29,250"
California,02/22/2021,"382,590","382,590"
Chicago,02/22/2021,"26,910","26,910"
Colorado,02/22/2021,"54,990","54,990"
Connecticut,02/22/2021,"36,270","36,270"
Delaware,02/22/2021,"10,530","10,530"
District of Columbia,02/22/2021,"8,190","8,190"
Federal Entities,02/22/2021,"166,140","166,140"
Florida,02/22/2021,"209,430","209,430"
Georgia,02/22/2021,"99,450","99,450"
Guam,02/22/2021,0,0
Hawaii,02/22/2021,"15,210","15,210"
Idaho,02/22/2021,"16,380","16,380"
Illinois,02/22/2021,"99,450","99,450"
Indiana,02/22/2021,"64,350","64,350"
Iowa,02/22/2021,"31,590","31,590"
Kansas,02/22/2021,"28,080","28,080"
Kentucky,02/22/2021,"44,460","44,460"
Louisiana,02/22/2021,"45,630","45,630"
Maine,02/22/2021,"14,040","14,040"
Mariana Islands,02/22/2021,0,0
Marshall Islands,02/22/2021,0,0
Maryland,02/22/2021,"59,670","59,670"
Massachusetts,02/22/2021,"70,200","70,200"
Michigan,02/22/2021,"99,450","99,450"
Micronesia,02/22/2021,0,0
Minnesota,02/22/2021,"54,990","54,990"
Mississippi,02/22/2021,"29,250","29,250"
Missouri,02/22/2021,"60,840","60,840"
Montana,02/22/2021,"10,530","10,530"
Nebraska,02/22/2021,"18,720","18,720"
Nevada,02/22/2021,"29,250","29,250"
New Hampshire,02/22/2021,"14,040","14,040"
New Jersey,02/22/2021,"88,920","88,920"
New Mexico,02/22/2021,"21,060","21,060"
New York,02/22/2021,"112,320","112,320"
New York City,02/22/2021,"85,410","85,410"
North Carolina,02/22/2021,"100,620","100,620"
North Dakota,02/22/2021,"8,190","8,190"
Ohio,02/22/2021,"115,830","115,830"
Oklahoma,02/22/2021,"38,610","38,610"
Oregon,02/22/2021,"42,120","42,120"
Palau,02/22/2021,0,0
Pennsylvania,02/22/2021,"113,490","113,490"
Philadelphia,02/22/2021,"16,380","16,380"
Puerto Rico,02/22/2021,"35,100","35,100"
Rhode Island,02/22/2021,"11,700","11,700"
South Carolina,02/22/2021,"49,140","49,140"
South Dakota,02/22/2021,"9,360","9,360"
Tennessee,02/22/2021,"65,520","65,520"
Texas,02/22/2021,"262,080","262,080"
U.S. Virgin Islands,02/22/2021,"1,170","1,170"
Utah,02/22/2021,"28,080","28,080"
Vermont,02/22/2021,"7,020","7,020"
Virginia,02/22/2021,"84,240","84,240"
Washington,02/22/2021,"73,710","73,710"
West Virginia,02/22/2021,"18,720","18,720"
Wisconsin,02/22/2021,"58,500","58,500"
Wyoming,02/22/2021,"5,850","5,850"
Alabama,02/15/2021,"30,225","30,225"
Alaska,02/15/2021,0,0
American Samoa,02/15/2021,0,0
Arizona,02/15/2021,"42,900","42,900"
Arkansas,02/15/2021,"18,525","18,525"
California,02/15/2021,"241,800","241,800"
Chicago,02/15/2021,"17,550","17,550"
Colorado,02/15/2021,"35,100","35,100"
Connecticut,02/15/2021,"23,400","23,400"
Delaware,02/15/2021,"6,825","6,825"
District of Columbia,02/15/2021,"4,875","4,875"
Federal Entities,02/15/2021,"105,300","105,300"
Florida,02/15/2021,"132,600","132,600"
Georgia,02/15/2021,"63,375","63,375"
Guam,02/15/2021,0,0
Hawaii,02/15/2021,"9,750","9,750"
Idaho,02/15/2021,"10,725","10,725"
Illinois,02/15/2021,"63,375","63,375"
Indiana,02/15/2021,"40,950","40,950"
Iowa,02/15/2021,"19,500","19,500"
Kansas,02/15/2021,"18,525","18,525"
Kentucky,02/15/2021,"28,275","28,275"
Louisiana,02/15/2021,"29,250","29,250"
Maine,02/15/2021,"8,775","8,775"
Mariana Islands,02/15/2021,0,0
Marshall Islands,02/15/2021,0,0
Maryland,02/15/2021,"38,025","38,025"
Massachusetts,02/15/2021,"43,875","43,875"
Michigan,02/15/2021,"62,400","62,400"
Micronesia,02/15/2021,0,0
Minnesota,02/15/2021,"34,125","34,125"
Mississippi,02/15/2021,"18,525","18,525"
Missouri,02/15/2021,"38,025","38,025"
Montana,02/15/2021,"6,825","6,825"
Nebraska,02/15/2021,"11,700","11,700"
Nevada,02/15/2021,"18,525","18,525"
New Hampshire,02/15/2021,"8,775","8,775"
New Jersey,02/15/2021,"55,575","55,575"
New Mexico,02/15/2021,"13,650","13,650"
New York,02/15/2021,"71,175","71,175"
New York City,02/15/2021,"53,625","53,625"
North Carolina,02/15/2021,"63,375","63,375"
North Dakota,02/15/2021,"4,875","4,875"
Ohio,02/15/2021,"73,125","73,125"
Oklahoma,02/15/2021,"24,375","24,375"
Oregon,02/15/2021,"26,325","26,325"
Palau,02/15/2021,0,0
Pennsylvania,02/15/2021,"71,175","71,175"
Philadelphia,02/15/2021,"10,725","10,725"
Puerto Rico,02/15/2021,"22,425","22,425"
Rhode Island,02/15/2021,"6,825","6,825"
South Carolina,02/15/2021,"31,200","31,200"
South Dakota,02/15/2021,"5,850","5,850"
Tennessee,02/15/2021,"41,925","41,925"
Texas,02/15/2021,"165,750","165,750"
U.S. Virgin Islands,02/15/2021,975,975
Utah,02/15/2021,"17,550","17,550"
Vermont,02/15/2021,"4,875","4,875"
Virginia,02/15/2021,"52,650","52,650"
Washington,02/15/2021,"46,800","46,800"
West Virginia,02/15/2021,"11,700","11,700"
Wisconsin,02/15/2021,"37,050","37,050"
Wyoming,02/15/2021,"3,900","3,900"
Alabama,02/08/2021,"30,225","30,225"
Alaska,02/08/2021,0,0
American Samoa,02/08/2021,0,0
Arizona,02/08/2021,"42,900","42,900"
Arkansas,02/08/2021,"18,525","18,525"
California,02/08/2021,"241,800","241,800"
Chicago,02/08/2021,"17,550","17,550"
Colorado,02/08/2021,"35,100","35,100"
Connecticut,02/08/2021,"23,400","23,400"
Delaware,02/08/2021,"6,825","6,825"
District of Columbia,02/08/2021,"4,875","4,875"
Federal Entities,02/08/2021,"105,300","105,300"
Florida,02/08/2021,"132,600","132,600"
Georgia,02/08/2021,"63,375","63,375"
Guam,02/08/2021,0,0
Hawaii,02/08/2021,"9,750","9,750"
Idaho,02/08/2021,"10,725","10,725"
Illinois,02/08/2021,"63,375","63,375"
Indiana,02/08/2021,"40,950","40,950"
Iowa,02/08/2021,"19,500","19,500"
Kansas,02/08/2021,"18,525","18,525"
Kentucky,02/08/2021,"28,275","28,275"
Louisiana,02/08/2021,"29,250","29,250"
Maine,02/08/2021,"8,775","8,775"
Mariana Islands,02/08/2021,0,0
Marshall Islands,02/08/2021,0,0
Maryland,02/08/2021,"38,025","38,025"
Massachusetts,02/08/2021,"43,875","43,875"
Michigan,02/08/2021,"62,400","62,400"
Micronesia,02/08/2021,0,0
Minnesota,02/08/2021,"34,125","34,125"
Mississippi,02/08/2021,"18,525","18,525"
Missouri,02/08/2021,"38,025","38,025"
Montana,02/08/2021,"6,825","6,825"
Nebraska,02/08/2021,"11,700","11,700"
Nevada,02/08/2021,"18,525","18,525"
New Hampshire,02/08/2021,"8,775","8,775"
New Jersey,02/08/2021,"55,575","55,575"
New Mexico,02/08/2021,"13,650","13,650"
New York,02/08/2021,"71,175","71,175"
New York City,02/08/2021,"53,625","53,625"
North Carolina,02/08/2021,"63,375","63,375"
North Dakota,02/08/2021,"4,875","4,875"
Ohio,02/08/2021,"73,125","73,125"
Oklahoma,02/08/2021,"24,375","24,375"
Oregon,02/08/2021,"26,325","26,325"
Palau,02/08/2021,0,0
Pennsylvania,02/08/2021,"71,175","71,175"
Philadelphia,02/08/2021,"10,725","10,725"
Puerto Rico,02/08/2021,"22,425","22,425"
Rhode Island,02/08/2021,"6,825","6,825"
South Carolina,02/08/2021,"31,200","31,200"
South Dakota,02/08/2021,"5,850","5,850"
Tennessee,02/08/2021,"41,925","41,925"
Texas,02/08/2021,"165,750","165,750"
U.S. Virgin Islands,02/08/2021,975,975
Utah,02/08/2021,"17,550","17,550"
Vermont,02/08/2021,"4,875","4,875"
Virginia,02/08/2021,"52,650","52,650"
Washington,02/08/2021,"46,800","46,800"
West Virginia,02/08/2021,"11,700","11,700"
Wisconsin,02/08/2021,"37,050","37,050"
Wyoming,02/08/2021,"3,900","3,900"
Alabama,02/01/2021,"30,225","30,225"
Alaska,02/01/2021,"27,300","27,300"
American Samoa,02/01/2021,"7,800",0
Arizona,02/01/2021,"42,900","42,900"
Arkansas,02/01/2021,"18,525","18,525"
California,02/01/2021,"240,825","240,825"
Chicago,02/01/2021,"17,550","17,550"
Colorado,02/01/2021,"34,125","34,125"
Connecticut,02/01/2021,"23,400","23,400"
Delaware,02/01/2021,"6,825","6,825"
District of Columbia,02/01/2021,"4,875","4,875"
Federal Entities,02/01/2021,"119,925","104,325"
Florida,02/01/2021,"131,625","131,625"
Georgia,02/01/2021,"62,400","62,400"
Guam,02/01/2021,"7,800",0
Hawaii,02/01/2021,"9,750","9,750"
Idaho,02/01/2021,"10,725","10,725"
Illinois,02/01/2021,"62,400","62,400"
Indiana,02/01/2021,"40,950","40,950"
Iowa,02/01/2021,"19,500","19,500"
Kansas,02/01/2021,"17,550","17,550"
Kentucky,02/01/2021,"28,275","28,275"
Louisiana,02/01/2021,"29,250","29,250"
Maine,02/01/2021,"8,775","8,775"
Mariana Islands,02/01/2021,"7,800",0
Marshall Islands,02/01/2021,0,0
Maryland,02/01/2021,"38,025","38,025"
Massachusetts,02/01/2021,"43,875","43,875"
Michigan,02/01/2021,"62,400","62,400"
Micronesia,02/01/2021,0,0
Minnesota,02/01/2021,"34,125","34,125"
Mississippi,02/01/2021,"18,525","18,525"
Missouri,02/01/2021,"38,025","38,025"
Montana,02/01/2021,"6,825","6,825"
Nebraska,02/01/2021,"11,700","11,700"
Nevada,02/01/2021,"18,525","18,525"
New Hampshire,02/01/2021,"8,775","8,775"
New Jersey,02/01/2021,"55,575","55,575"
New Mexico,02/01/2021,"13,650","13,650"
New York,02/01/2021,"70,200","70,200"
New York City,02/01/2021,"53,625","53,625"
North Carolina,02/01/2021,"63,375","63,375"
North Dakota,02/01/2021,"4,875","4,875"
Ohio,02/01/2021,"72,150","72,150"
Oklahoma,02/01/2021,"24,375","24,375"
Oregon,02/01/2021,"26,325","26,325"
Palau,02/01/2021,0,0
Pennsylvania,02/01/2021,"71,175","71,175"
Philadelphia,02/01/2021,"10,725","10,725"
Puerto Rico,02/01/2021,"22,425","22,425"
Rhode Island,02/01/2021,"6,825","6,825"
South Carolina,02/01/2021,"31,200","31,200"
South Dakota,02/01/2021,"5,850","5,850"
Tennessee,02/01/2021,"41,925","41,925"
Texas,02/01/2021,"164,775","164,775"
U.S. Virgin Islands,02/01/2021,975,975
Utah,02/01/2021,"17,550","17,550"
Vermont,02/01/2021,"4,875","4,875"
Virginia,02/01/2021,"52,650","52,650"
Washington,02/01/2021,"45,825","45,825"
West Virginia,02/01/2021,"11,700","11,700"
Wisconsin,02/01/2021,"36,075","36,075"
Wyoming,02/01/2021,"3,900","3,900"
Alabama,01/25/2021,"30,225","30,225"
Alaska,01/25/2021,0,0
American Samoa,01/25/2021,0,0
Arizona,01/25/2021,"42,900","42,900"
Arkansas,01/25/2021,"18,525","18,525"
California,01/25/2021,"241,800","241,800"
Chicago,01/25/2021,"17,550","17,550"
Colorado,01/25/2021,"35,100","35,100"
Connecticut,01/25/2021,"23,400","23,400"
Delaware,01/25/2021,"6,825","6,825"
District of Columbia,01/25/2021,"4,875","4,875"
Federal Entities,01/25/2021,"105,300","105,300"
Florida,01/25/2021,"132,600","132,600"
Georgia,01/25/2021,"63,375","63,375"
Guam,01/25/2021,0,0
Hawaii,01/25/2021,"9,750","9,750"
Idaho,01/25/2021,"10,725","10,725"
Illinois,01/25/2021,"63,375","63,375"
Indiana,01/25/2021,"40,950","40,950"
Iowa,01/25/2021,"19,500","19,500"
Kansas,01/25/2021,"18,525","18,525"
Kentucky,01/25/2021,"28,275","28,275"
Louisiana,01/25/2021,"29,250","29,250"
Maine,01/25/2021,"8,775","8,775"
Mariana Islands,01/25/2021,0,0
Marshall Islands,01/25/2021,0,0
Maryland,01/25/2021,"38,025","38,025"
Massachusetts,01/25/2021,"43,875","43,875"
Michigan,01/25/2021,"62,400","62,400"
Micronesia,01/25/2021,0,0
Minnesota,01/25/2021,"34,125","34,125"
Mississippi,01/25/2021,"18,525","18,525"
Missouri,01/25/2021,"38,025","38,025"
Montana,01/25/2021,"6,825","6,825"
Nebraska,01/25/2021,"11,700","11,700"
Nevada,01/25/2021,"18,525","18,525"
New Hampshire,01/25/2021,"8,775","8,775"
New Jersey,01/25/2021,"55,575","55,575"
New Mexico,01/25/2021,"13,650","13,650"
New York,01/25/2021,"71,175","71,175"
New York City,01/25/2021,"53,625","53,625"
North Carolina,01/25/2021,"63,375","63,375"
North Dakota,01/25/2021,"4,875","4,875"
Ohio,01/25/2021,"73,125","73,125"
Oklahoma,01/25/2021,"24,375","24,375"
Oregon,01/25/2021,"26,325","26,325"
Palau,01/25/2021,0,0
Pennsylvania,01/25/2021,"71,175","71,175"
Philadelphia,01/25/2021,"10,725","10,725"
Puerto Rico,01/25/2021,"22,425","22,425"
Rhode Island,01/25/2021,"6,825","6,825"
South Carolina,01/25/2021,"31,200","31,200"
South Dakota,01/25/2021,"5,850","5,850"
Tennessee,01/25/2021,"41,925","41,925"
Texas,01/25/2021,"165,750","165,750"
U.S. Virgin Islands,01/25/2021,975,975
Utah,01/25/2021,"17,550","17,550"
Vermont,01/25/2021,"4,875","4,875"
Virginia,01/25/2021,"52,650","52,650"
Washington,01/25/2021,"46,800","46,800"
West Virginia,01/25/2021,"11,700","11,700"
Wisconsin,01/25/2021,"37,050","37,050"
Wyoming,01/25/2021,"3,900","3,900"
Alabama,01/18/2021,"30,225","30,225"
Alaska,01/18/2021,0,0
American Samoa,01/18/2021,0,0
Arizona,01/18/2021,"42,900","42,900"
Arkansas,01/18/2021,"18,525","18,525"
California,01/18/2021,"241,800","241,800"
Chicago,01/18/2021,"17,550","17,550"
Colorado,01/18/2021,"35,100","35,100"
Connecticut,01/18/2021,"23,400","23,400"
Delaware,01/18/2021,"6,825","6,825"
District of Columbia,01/18/2021,"4,875","4,875"
Federal Entities,01/18/2021,"105,300","105,300"
Florida,01/18/2021,"132,600","132,600"
Georgia,01/18/2021,"63,375","63,375"
Guam,01/18/2021,0,0
Hawaii,01/18/2021,"9,750","9,750"
Idaho,01/18/2021,"10,725","10,725"
Illinois,01/18/2021,"63,375","63,375"
Indiana,01/18/2021,"40,950","40,950"
Iowa,01/18/2021,"19,500","19,500"
Kansas,01/18/2021,"18,525","18,525"
Kentucky,01/18/2021,"28,275","28,275"
Louisiana,01/18/2021,"29,250","29,250"
Maine,01/18/2021,"8,775","8,775"
Mariana Islands,01/18/2021,0,0
Marshall Islands,01/18/2021,0,0
Maryland,01/18/2021,"38,025","38,025"
Massachusetts,01/18/2021,"43,875","43,875"
Michigan,01/18/2021,"62,400","62,400"
Micronesia,01/18/2021,0,0
Minnesota,01/18/2021,"34,125","34,125"
Mississippi,01/18/2021,"18,525","18,525"
Missouri,01/18/2021,"38,025","38,025"
Montana,01/18/2021,"6,825","6,825"
Nebraska,01/18/2021,"11,700","11,700"
Nevada,01/18/2021,"18,525","18,525"
New Hampshire,01/18/2021,"8,775","8,775"
New Jersey,01/18/2021,"55,575","55,575"
New Mexico,01/18/2021,"13,650","13,650"
New York,01/18/2021,"71,175","71,175"
New York City,01/18/2021,"53,625","53,625"
North Carolina,01/18/2021,"63,375","63,375"
North Dakota,01/18/2021,"4,875","4,875"
Ohio,01/18/2021,"73,125","73,125"
Oklahoma,01/18/2021,"24,375","24,375"
Oregon,01/18/2021,"26,325","26,325"
Palau,01/18/2021,0,0
Pennsylvania,01/18/2021,"71,175","71,175"
Philadelphia,01/18/2021,"10,725","10,725"
Puerto Rico,01/18/2021,"22,425","22,425"
Rhode Island,01/18/2021,"6,825","6,825"
South Carolina,01/18/2021,"31,200","31,200"
South Dakota,01/18/2021,"5,850","5,850"
Tennessee,01/18/2021,"41,925","41,925"
Texas,01/18/2021,"165,750","165,750"
U.S. Virgin Islands,01/18/2021,975,975
Utah,01/18/2021,"17,550","17,550"
Vermont,01/18/2021,"4,875","4,875"
Virginia,01/18/2021,"52,650","52,650"
Washington,01/18/2021,"46,800","46,800"
West Virginia,01/18/2021,"11,700","11,700"
Wisconsin,01/18/2021,"37,050","37,050"
Wyoming,01/18/2021,"3,900","3,900"
Alabama,01/11/2021,"29,250","29,250"
Alaska,01/11/2021,0,0
American Samoa,01/11/2021,0,0
Arizona,01/11/2021,"41,925","41,925"
Arkansas,01/11/2021,"18,525","18,525"
California,01/11/2021,"233,025","233,025"
Chicago,01/11/2021,"16,575","16,575"
Colorado,01/11/2021,"33,150","33,150"
Connecticut,01/11/2021,"22,425","22,425"
Delaware,01/11/2021,"5,850","5,850"
District of Columbia,01/11/2021,"4,875","4,875"
Federal Entities,01/11/2021,"102,375","102,375"
Florida,01/11/2021,"127,725","127,725"
Georgia,01/11/2021,"60,450","60,450"
Guam,01/11/2021,0,0
Hawaii,01/11/2021,"8,775","8,775"
Idaho,01/11/2021,"9,750","9,750"
Illinois,01/11/2021,"60,450","60,450"
Indiana,01/11/2021,"39,975","39,975"
Iowa,01/11/2021,"19,500","19,500"
Kansas,01/11/2021,"17,550","17,550"
Kentucky,01/11/2021,"27,300","27,300"
Louisiana,01/11/2021,"28,275","28,275"
Maine,01/11/2021,"8,775","8,775"
Mariana Islands,01/11/2021,0,0
Marshall Islands,01/11/2021,0,0
Maryland,01/11/2021,"36,075","36,075"
Massachusetts,01/11/2021,"42,900","42,900"
Michigan,01/11/2021,"60,450","60,450"
Micronesia,01/11/2021,0,0
Minnesota,01/11/2021,"33,150","33,150"
Mississippi,01/11/2021,"17,550","17,550"
Missouri,01/11/2021,"37,050","37,050"
Montana,01/11/2021,"6,825","6,825"
Nebraska,01/11/2021,"11,700","11,700"
Nevada,01/11/2021,"17,550","17,550"
New Hampshire,01/11/2021,"8,775","8,775"
New Jersey,01/11/2021,"53,625","53,625"
New Mexico,01/11/2021,"12,675","12,675"
New York,01/11/2021,"68,250","68,250"
New York City,01/11/2021,"51,675","51,675"
North Carolina,01/11/2021,"61,425","61,425"
North Dakota,01/11/2021,"4,875","4,875"
Ohio,01/11/2021,"70,200","70,200"
Oklahoma,01/11/2021,"23,400","23,400"
Oregon,01/11/2021,"25,350","25,350"
Palau,01/11/2021,0,0
Pennsylvania,01/11/2021,"69,225","69,225"
Philadelphia,01/11/2021,"9,750","9,750"
Puerto Rico,01/11/2021,"21,450","21,450"
Rhode Island,01/11/2021,"6,825","6,825"
South Carolina,01/11/2021,"30,225","30,225"
South Dakota,01/11/2021,"5,850","5,850"
Tennessee,01/11/2021,"39,975","39,975"
Texas,01/11/2021,"159,900","159,900"
U.S. Virgin Islands,01/11/2021,975,975
Utah,01/11/2021,"16,575","16,575"
Vermont,01/11/2021,"4,875","4,875"
Virginia,01/11/2021,"50,700","50,700"
Washington,01/11/2021,"57,525","57,525"
West Virginia,01/11/2021,"11,700","11,700"
Wisconsin,01/11/2021,"35,100","35,100"
Wyoming,01/11/2021,"3,900","3,900"
Alabama,01/04/2021,"29,250","29,250"
Alaska,01/04/2021,"27,300","27,300"
American Samoa,01/04/2021,"7,800",0
Arizona,01/04/2021,"41,925","41,925"
Arkansas,01/04/2021,"18,525","18,525"
California,01/04/2021,"232,050","232,050"
Chicago,01/04/2021,"16,575","16,575"
Colorado,01/04/2021,"33,150","33,150"
Connecticut,01/04/2021,"22,425","22,425"
Delaware,01/04/2021,"5,850","5,850"
District of Columbia,01/04/2021,"4,875","4,875"
Federal Entities,01/04/2021,"117,000","101,400"
Florida,01/04/2021,"126,750","126,750"
Georgia,01/04/2021,"60,450","60,450"
Guam,01/04/2021,"7,800",0
Hawaii,01/04/2021,"8,775","8,775"
Idaho,01/04/2021,"9,750","9,750"
Illinois,01/04/2021,"60,450","60,450"
Indiana,01/04/2021,"39,000","39,000"
Iowa,01/04/2021,"18,525","18,525"
Kansas,01/04/2021,"17,550","17,550"
Kentucky,01/04/2021,"27,300","27,300"
Louisiana,01/04/2021,"28,275","28,275"
Maine,01/04/2021,"8,775","8,775"
Mariana Islands,01/04/2021,"7,800",0
Marshall Islands,01/04/2021,0,0
Maryland,01/04/2021,"36,075","36,075"
Massachusetts,01/04/2021,"42,900","42,900"
Michigan,01/04/2021,"60,450","60,450"
Micronesia,01/04/2021,0,0
Minnesota,01/04/2021,"33,150","33,150"
Mississippi,01/04/2021,"17,550","17,550"
Missouri,01/04/2021,"37,050","37,050"
Montana,01/04/2021,"6,825","6,825"
Nebraska,01/04/2021,"11,700","11,700"
Nevada,01/04/2021,"17,550","17,550"
New Hampshire,01/04/2021,"8,775","8,775"
New Jersey,01/04/2021,"53,625","53,625"
New Mexico,01/04/2021,"12,675","12,675"
New York,01/04/2021,"68,250","68,250"
New York City,01/04/2021,"51,675","51,675"
North Carolina,01/04/2021,"61,425","61,425"
North Dakota,01/04/2021,"4,875","4,875"
Ohio,01/04/2021,"70,200","70,200"
Oklahoma,01/04/2021,"23,400","23,400"
Oregon,01/04/2021,"25,350","25,350"
Palau,01/04/2021,0,0
Pennsylvania,01/04/2021,"69,225","69,225"
Philadelphia,01/04/2021,"9,750","9,750"
Puerto Rico,01/04/2021,"21,450","21,450"
Rhode Island,01/04/2021,"6,825","6,825"
South Carolina,01/04/2021,"30,225","30,225"
South Dakota,01/04/2021,"5,850","5,850"
Tennessee,01/04/2021,"39,975","39,975"
Texas,01/04/2021,"158,925","158,925"
U.S. Virgin Islands,01/04/2021,975,975
Utah,01/04/2021,"16,575","16,575"
Vermont,01/04/2021,"3,900","3,900"
Virginia,01/04/2021,"50,700","50,700"
Washington,01/04/2021,"44,850","44,850"
West Virginia,01/04/2021,"11,700","11,700"
Wisconsin,01/04/2021,"35,100","35,100"
Wyoming,01/04/2021,"3,900","3,900"
Alabama,12/28/2020,"38,025","38,025"
Alaska,12/28/2020,0,0
American Samoa,12/28/2020,0,0
Arizona,12/28/2020,"53,625","53,625"
Arkansas,12/28/2020,"23,400","23,400"
California,12/28/2020,"297,375","297,375"
Chicago,12/28/2020,"21,450","21,450"
Colorado,12/28/2020,"42,900","42,900"
Connecticut,12/28/2020,"28,275","28,275"
Delaware,12/28/2020,"7,800","7,800"
District of Columbia,12/28/2020,"5,850","5,850"
Federal Entities,12/28/2020,"128,700","128,700"
Florida,12/28/2020,"162,825","162,825"
Georgia,12/28/2020,"77,025","77,025"
Guam,12/28/2020,0,0
Hawaii,12/28/2020,"11,700","11,700"
Idaho,12/28/2020,"12,675","12,675"
Illinois,12/28/2020,"78,000","78,000"
Indiana,12/28/2020,"50,700","50,700"
Iowa,12/28/2020,"24,375","24,375"
Kansas,12/28/2020,"22,425","22,425"
Kentucky,12/28/2020,"34,125","34,125"
Louisiana,12/28/2020,"36,075","36,075"
Maine,12/28/2020,"10,725","10,725"
Mariana Islands,12/28/2020,0,0
Marshall Islands,12/28/2020,0,0
Maryland,12/28/2020,"46,800","46,800"
Massachusetts,12/28/2020,"54,600","54,600"
Michigan,12/28/2020,"77,025","77,025"
Micronesia,12/28/2020,0,0
Minnesota,12/28/2020,"42,900","42,900"
Mississippi,12/28/2020,"22,425","22,425"
Missouri,12/28/2020,"46,800","46,800"
Montana,12/28/2020,"8,775","8,775"
Nebraska,12/28/2020,"14,625","14,625"
Nevada,12/28/2020,"22,425","22,425"
New Hampshire,12/28/2020,"10,725","10,725"
New Jersey,12/28/2020,"68,250","68,250"
New Mexico,12/28/2020,"16,575","16,575"
New York,12/28/2020,"87,750","87,750"
New York City,12/28/2020,"66,300","66,300"
North Carolina,12/28/2020,"78,000","78,000"
North Dakota,12/28/2020,"5,850","5,850"
Ohio,12/28/2020,"89,700","89,700"
Oklahoma,12/28/2020,"29,250","29,250"
Oregon,12/28/2020,"32,175","32,175"
Palau,12/28/2020,0,0
Pennsylvania,12/28/2020,"88,725","88,725"
Philadelphia,12/28/2020,"12,675","12,675"
Puerto Rico,12/28/2020,"27,300","27,300"
Rhode Island,12/28/2020,"8,775","8,775"
South Carolina,12/28/2020,"39,000","39,000"
South Dakota,12/28/2020,"6,825","6,825"
Tennessee,12/28/2020,"51,675","51,675"
Texas,12/28/2020,"203,775","203,775"
U.S. Virgin Islands,12/28/2020,975,975
Utah,12/28/2020,"21,450","21,450"
Vermont,12/28/2020,"5,850","5,850"
Virginia,12/28/2020,"65,325","65,325"
Washington,12/28/2020,"57,525","57,525"
West Virginia,12/28/2020,"14,625","14,625"
Wisconsin,12/28/2020,"44,850","44,850"
Wyoming,12/28/2020,"4,875","4,875"
Alabama,12/21/2020,"29,250","29,250"
Alaska,12/21/2020,0,0
American Samoa,12/21/2020,0,0
Arizona,12/21/2020,"41,925","41,925"
Arkansas,12/21/2020,"18,525","18,525"
California,12/21/2020,"233,025","233,025"
Chicago,12/21/2020,"16,575","16,575"
Colorado,12/21/2020,"33,150","33,150"
Connecticut,12/21/2020,"22,425","22,425"
Delaware,12/21/2020,"5,850","5,850"
District of Columbia,12/21/2020,"4,875","4,875"
Federal Entities,12/21/2020,"102,375","102,375"
Florida,12/21/2020,"127,725","127,725"
Georgia,12/21/2020,"60,450","60,450"
Guam,12/21/2020,0,0
Hawaii,12/21/2020,"8,775","8,775"
Idaho,12/21/2020,"9,750","9,750"
Illinois,12/21/2020,"60,450","60,450"
Indiana,12/21/2020,"39,975","39,975"
Iowa,12/21/2020,"19,500","19,500"
Kansas,12/21/2020,"17,550","17,550"
Kentucky,12/21/2020,"27,300","27,300"
Louisiana,12/21/2020,"28,275","28,275"
Maine,12/21/2020,"8,775","8,775"
Mariana Islands,12/21/2020,0,0
Marshall Islands,12/21/2020,0,0
Maryland,12/21/2020,"36,075","36,075"
Massachusetts,12/21/2020,"42,900","42,900"
Michigan,12/21/2020,"60,450","60,450"
Micronesia,12/21/2020,0,0
Minnesota,12/21/2020,"33,150","33,150"
Mississippi,12/21/2020,"17,550","17,550"
Missouri,12/21/2020,"37,050","37,050"
Montana,12/21/2020,"6,825","6,825"
Nebraska,12/21/2020,"11,700","11,700"
Nevada,12/21/2020,"17,550","17,550"
New Hampshire,12/21/2020,"8,775","8,775"
New Jersey,12/21/2020,"53,625","53,625"
New Mexico,12/21/2020,"12,675","12,675"
New York,12/21/2020,"68,250","68,250"
New York City,12/21/2020,"51,675","51,675"
North Carolina,12/21/2020,"61,425","61,425"
North Dakota,12/21/2020,"4,875","4,875"
Ohio,12/21/2020,"70,200","70,200"
Oklahoma,12/21/2020,"23,400","23,400"
Oregon,12/21/2020,"25,350","25,350"
Palau,12/21/2020,0,0
Pennsylvania,12/21/2020,"69,225","69,225"
Philadelphia,12/21/2020,"9,750","9,750"
Puerto Rico,12/21/2020,"21,450","21,450"
Rhode Island,12/21/2020,"6,825","6,825"
South Carolina,12/21/2020,"30,225","30,225"
South Dakota,12/21/2020,"5,850","5,850"
Tennessee,12/21/2020,"39,975","39,975"
Texas,12/21/2020,"159,900","159,900"
U.S. Virgin Islands,12/21/2020,975,975
Utah,12/21/2020,"16,575","16,575"
Vermont,12/21/2020,"4,875","4,875"
Virginia,12/21/2020,"50,700","50,700"
Washington,12/21/2020,"44,850","44,850"
West Virginia,12/21/2020,"11,700","11,700"
Wisconsin,12/21/2020,"35,100","35,100"
Wyoming,12/21/2020,"3,900","3,900"
Alabama,12/14/2020,"40,950","40,950"
Alaska,12/14/2020,"35,100","35,100"
American Samoa,12/14/2020,"5,850",0
Arizona,12/14/2020,"58,500","58,500"
Arkansas,12/14/2020,"25,350","25,350"
California,12/14/2020,"327,600","327,600"
Chicago,12/14/2020,"23,400","23,400"
Colorado,12/14/2020,"46,800","46,800"
Connecticut,12/14/2020,"31,200","31,200"
Delaware,12/14/2020,"8,775","8,775"
District of Columbia,12/14/2020,"6,825","6,825"
Federal Entities,12/14/2020,"156,000","142,350"
Florida,12/14/2020,"179,400","179,400"
Georgia,12/14/2020,"84,825","84,825"
Guam,12/14/2020,"11,700",0
Hawaii,12/14/2020,"12,675","12,675"
Idaho,12/14/2020,"13,650","13,650"
Illinois,12/14/2020,"85,800","85,800"
Indiana,12/14/2020,"55,575","55,575"
Iowa,12/14/2020,"26,325","26,325"
Kansas,12/14/2020,"24,375","24,375"
Kentucky,12/14/2020,"38,025","38,025"
Louisiana,12/14/2020,"39,000","39,000"
Maine,12/14/2020,"12,675","12,675"
Mariana Islands,12/14/2020,"5,850",0
Marshall Islands,12/14/2020,0,0
Maryland,12/14/2020,"50,700","50,700"
Massachusetts,12/14/2020,"59,475","59,475"
Michigan,12/14/2020,"84,825","84,825"
Micronesia,12/14/2020,0,0
Minnesota,12/14/2020,"46,800","46,800"
Mississippi,12/14/2020,"25,350","25,350"
Missouri,12/14/2020,"51,675","51,675"
Montana,12/14/2020,"9,750","9,750"
Nebraska,12/14/2020,"16,575","16,575"
Nevada,12/14/2020,"25,350","25,350"
New Hampshire,12/14/2020,"12,675","12,675"
New Jersey,12/14/2020,"76,050","76,050"
New Mexico,12/14/2020,"17,550","17,550"
New York,12/14/2020,"96,525","96,525"
New York City,12/14/2020,"73,125","73,125"
North Carolina,12/14/2020,"85,800","85,800"
North Dakota,12/14/2020,"6,825","6,825"
Ohio,12/14/2020,"98,475","98,475"
Oklahoma,12/14/2020,"33,150","33,150"
Oregon,12/14/2020,"35,100","35,100"
Palau,12/14/2020,0,0
Pennsylvania,12/14/2020,"97,500","97,500"
Philadelphia,12/14/2020,"13,650","13,650"
Puerto Rico,12/14/2020,"30,225","30,225"
Rhode Island,12/14/2020,"9,750","9,750"
South Carolina,12/14/2020,"42,900","42,900"
South Dakota,12/14/2020,"7,800","7,800"
Tennessee,12/14/2020,"56,550","56,550"
Texas,12/14/2020,"224,250","224,250"
U.S. Virgin Islands,12/14/2020,975,975
Utah,12/14/2020,"23,400","23,400"
Vermont,12/14/2020,"5,850","5,850"
Virginia,12/14/2020,"72,150","72,150"
Washington,12/14/2020,"62,400","62,400"
West Virginia,12/14/2020,"16,575","16,575"
Wisconsin,12/14/2020,"49,725","49,725"
Wyoming,12/14/2020,"4,875","4,875"
