,Date,COVID-19 Patients in Acute Care Beds,COVID-19 Patients in ICU,COVID-19 Pediatric Patients in Acute Care Beds,COVID-19 Pediatric Patients in ICU,Non-COVID Acute,Non-COVID ICU,Capacity_85_Count
0,3/25/2020,68,40,,,3908,816,6154
1,3/26/2020,76,70,,,3699,670,6151
2,3/27/2020,113,72,,,3812,660,6033
3,3/28/2020,118,94,,,3880,706,5766
4,3/29/2020,150,110,,,3756,643,5774
5,3/30/2020,177,131,,,3972,625,6092
6,3/31/2020,257,145,,,3804,654,6021
7,4/1/2020,0,0,,,3846,848,6044
8,4/2/2020,263,184,,,3490,636,5939
9,4/3/2020,369,236,,,3264,659,5980
10,4/4/2020,305,254,,,3372,641,5840
11,4/5/2020,498,272,,,3219,608,5870
12,4/6/2020,499,302,,,3194,595,5978
13,4/7/2020,539,309,,,3317,578,5993
14,4/8/2020,581,343,,,3238,611,6089
15,4/9/2020,560,358,,,3295,600,6130
16,4/10/2020,641,379,,,3178,621,6015
17,4/11/2020,633,386,,,3078,616,6037
18,4/12/2020,657,414,,,3052,562,5980
19,4/13/2020,631,448,,,3212,536,6090
20,4/14/2020,718,438,,,3286,552,6168
21,4/15/2020,788,431,,,3314,540,6112
22,4/16/2020,762,439,,,3371,528,6228
23,4/17/2020,800,488,,,3331,505,6433
24,4/18/2020,791,498,,,3243,558,6229
25,4/19/2020,829,511,,,3284,545,6268
26,4/20/2020,907,526,,,3280,551,6399
27,4/21/2020,905,527,,,3438,610,6445
28,4/22/2020,890,515,,,3569,569,6385
29,4/23/2020,878,547,,,3563,561,6477
30,4/24/2020,870,538,,,3533,584,6482
31,4/25/2020,933,530,,,3497,579,6434
32,4/26/2020,978,534,,,3613,613,6478
33,4/27/2020,977,551,,,3704,597,6673
34,4/28/2020,1027,586,,,3828,576,6815
35,4/29/2020,1111,574,,,3657,633,6766
36,4/30/2020,1100,568,,,3748,607,6774
37,5/1/2020,1091,566,,,3645,606,6773
38,5/2/2020,1070,565,,,3536,609,6657
39,5/3/2020,1086,563,,,3553,585,6627
40,5/4/2020,1120,577,,,3719,602,6737
41,5/5/2020,1123,584,,,3757,626,6835
42,5/6/2020,1099,584,,,3857,640,6826
43,5/7/2020,1103,571,,,3829,650,6761
44,5/8/2020,1090,575,,,3808,620,6648
45,5/9/2020,1029,611,,,3715,545,6646
46,5/10/2020,961,581,,,3764,551,6463
47,5/11/2020,958,587,,,3859,602,6573
48,5/12/2020,975,574,,,4072,623,6780
49,5/13/2020,964,573,,,4120,642,6839
50,5/14/2020,896,599,,,4100,654,6931
51,5/15/2020,891,594,,,4042,679,6873
52,5/16/2020,890,559,,,4028,590,6663
53,5/17/2020,892,555,,,4125,611,6783
54,5/18/2020,884,537,,,4048,558,6735
55,5/19/2020,871,534,,,4344,650,6939
56,5/20/2020,848,526,,,4268,660,6882
57,5/21/2020,823,506,,,4234,646,6857
58,5/22/2020,796,524,,,4127,591,6751
59,5/23/2020,787,503,,,4132,612,6845
60,5/24/2020,762,517,,,4159,609,6781
61,5/25/2020,795,520,,,4273,631,6806
62,5/26/2020,818,520,,,4198,605,6763
63,5/27/2020,823,511,,,4503,684,7018
64,5/28/2020,789,507,,,4568,654,6953
65,5/29/2020,747,492,,,4574,631,6939
66,5/30/2020,704,479,,,4473,645,6953
67,5/31/2020,695,479,,,4413,639,6785
68,6/1/2020,667,481,,,4379,611,6862
69,6/2/2020,638,475,,,4676,653,6993
70,6/3/2020,640,456,,,4660,692,6926
71,6/4/2020,621,455,,,4710,712,6840
72,6/5/2020,641,418,,,4637,699,6818
73,6/6/2020,605,404,,,4473,724,6803
74,6/7/2020,599,392,,,4350,710,6707
75,6/8/2020,584,386,,,4473,688,6735
76,6/9/2020,576,383,,,4722,711,6790
77,6/10/2020,544,358,,,4813,748,6828
78,6/11/2020,505,331,,,4804,788,6872
79,6/12/2020,478,321,,,4890,749,6845
80,6/13/2020,447,315,,,4650,762,6824
81,6/14/2020,453,295,,,4554,735,6769
82,6/15/2020,458,284,,,4514,756,6863
83,6/16/2020,419,283,,,4815,776,6978
84,6/17/2020,391,269,,,4930,801,6935
85,6/18/2020,387,259,,,4866,780,6843
86,6/19/2020,396,240,,,4786,758,6825
87,6/20/2020,376,232,,,4670,776,6786
88,6/21/2020,357,234,,,4561,743,6758
89,6/22/2020,349,212,,,4691,741,6765
90,6/23/2020,331,213,,,5033,783,6907
91,6/24/2020,302,209,,,5207,789,6943
92,6/25/2020,297,190,,,5152,824,6922
93,6/26/2020,297,181,,,5054,791,6859
94,6/27/2020,288,158,,,4877,769,6804
95,6/28/2020,287,160,,,4703,763,6758
96,6/29/2020,300,152,,,4813,762,6797
97,6/30/2020,307,154,,,5105,811,6910
98,7/1/2020,292,149,,,5135,799,6942
99,7/2/2020,279,143,,,5053,803,6834
100,7/3/2020,267,143,,,4813,775,6755
101,7/4/2020,265,144,,,4567,732,6664
102,7/5/2020,261,142,,,4484,758,6590
103,7/6/2020,259,145,,,4657,794,6669
104,7/7/2020,262,136,,,5039,803,6886
105,7/8/2020,267,139,,,5259,819,6956
106,7/9/2020,263,122,,,5311,835,6936
107,7/10/2020,270,120,,,5243,849,6942
108,7/11/2020,275,113,,,4983,819,6822
109,7/12/2020,278,108,,,4777,773,6724
110,7/13/2020,295,117,,,4887,801,6786
111,7/14/2020,318,129,,,5231,811,6922
112,7/15/2020,299,137,,,5303,795,6928
113,7/16/2020,306,128,,,5131,808,6856
114,7/17/2020,311,137,,,4921,811,6727
115,7/18/2020,318,131,,,4923,805,6745
116,7/19/2020,327,136,,,4766,779,6677
117,7/20/2020,353,131,,,4733,782,6678
118,7/21/2020,368,137,,,5089,826,6862
119,7/22/2020,395,133,,,5106,827,6874
120,7/23/2020,390,143,,,5153,832,6857
121,7/24/2020,388,157,,,5161,807,6793
122,7/25/2020,396,147,,,4866,767,6711
123,7/26/2020,391,145,,,4838,741,6672
124,7/27/2020,392,150,,,4913,724,6675
125,7/28/2020,426,145,,,5117,775,6871
126,7/29/2020,446,139,,,5206,780,6865
127,7/30/2020,462,128,,,5197,787,6838
128,7/31/2020,460,132,,,5067,797,6813
129,8/1/2020,424,129,,,4943,789,6803
130,8/2/2020,413,135,,,4848,767,6706
131,8/3/2020,412,136,,,4923,779,6815
132,8/4/2020,421,134,,,5166,803,6987
133,8/5/2020,396,139,,,5242,830,6972
134,8/6/2020,393,135,,,5191,821,6929
135,8/7/2020,388,127,,,5253,801,6914
136,8/8/2020,397,128,,,4958,780,6850
137,8/9/2020,415,119,,,4834,761,6786
138,8/10/2020,408,121,,,5024,757,6803
139,8/11/2020,371,117,,,5407,800,6959
140,8/12/2020,359,111,,,5345,843,6958
141,8/13/2020,350,107,,,5322,833,6946
142,8/14/2020,353,107,,,5259,820,6849
143,8/15/2020,360,115,,,5123,800,6718
144,8/16/2020,329,106,,,5024,750,6655
145,8/17/2020,351,102,,,5017,747,6663
146,8/18/2020,368,107,,,5257,768,6815
147,8/19/2020,348,107,,,5435,778,6882
148,8/20/2020,353,102,,,5381,792,6848
149,8/21/2020,343,98,,,5350,779,6814
150,8/22/2020,308,99,,,5185,768,6744
151,8/23/2020,304,103,,,5062,760,6644
152,8/24/2020,314,97,,,5062,748,6681
153,8/25/2020,326,106,,,5349,826,6839
154,8/26/2020,305,107,,,5409,823,6914
155,8/27/2020,306,106,,,5384,826,6839
156,8/28/2020,281,106,,,5359,789,6829
157,8/29/2020,251,107,,,5227,781,6783
158,8/30/2020,270,107,,,5030,735,6721
159,8/31/2020,273,112,,,4936,748,6697
160,9/1/2020,257,113,,,5368,798,6956
161,9/2/2020,270,112,,,5342,815,6934
162,9/3/2020,287,108,,,5344,793,6840
163,9/4/2020,253,100,,,5318,809,6787
164,9/5/2020,245,96,,,5174,780,6715
165,9/6/2020,253,109,,,4921,792,6624
166,9/7/2020,263,102,,,4981,787,6703
167,9/8/2020,275,95,,,5145,784,6741
168,9/9/2020,266,92,,,5469,822,6881
169,9/10/2020,280,89,,,5576,837,6898
170,9/11/2020,276,85,,,5506,854,6887
171,9/12/2020,262,89,,,5362,813,6818
172,9/13/2020,257,90,,,5248,794,6745
173,9/14/2020,279,92,,,5215,801,6739
174,9/15/2020,261,86,,,5511,825,6877
175,9/16/2020,270,83,,,5496,834,6870
176,9/17/2020,263,84,,,5473,824,6882
177,9/18/2020,249,75,,,5417,842,6789
178,9/19/2020,212,68,,,5216,828,6714
179,9/20/2020,219,71,,,5033,809,6669
180,9/21/2020,232,77,,,5098,782,6696
181,9/22/2020,253,79,,,5442,832,6890
182,9/23/2020,268,81,,,5539,829,6933
183,9/24/2020,265,79,,,5507,843,6925
184,9/25/2020,266,81,,,5485,872,6856
185,9/26/2020,238,90,,,5250,852,6775
186,9/27/2020,233,82,,,5065,809,6654
187,9/28/2020,265,79,,,5174,803,6811
188,9/29/2020,257,77,,,5469,866,6920
189,9/30/2020,257,74,,,5531,858,6974
190,10/1/2020,243,80,,,5520,849,6958
191,10/2/2020,245,77,,,5373,851,6873
192,10/3/2020,240,75,,,5162,854,6865
193,10/4/2020,250,84,,,4988,803,6676
194,10/5/2020,272,88,,,5096,800,6733
195,10/6/2020,298,93,,,5306,845,6903
196,10/7/2020,305,98,,,5404,841,6903
197,10/8/2020,295,96,,,5462,870,6880
198,10/9/2020,292,91,,,5498,863,6854
199,10/10/2020,303,90,,,5177,841,6819
200,10/11/2020,291,93,,,5150,803,6755
201,10/12/2020,302,102,,,5142,816,6800
202,10/13/2020,304,113,,,5453,850,6914
203,10/14/2020,303,109,,,5569,858,6950
204,10/15/2020,305,111,,,5584,861,6939
205,10/16/2020,316,108,,,5450,830,6884
206,10/17/2020,317,115,,,5309,832,6836
207,10/18/2020,318,116,,,5135,798,6795
208,10/19/2020,341,123,,,5073,797,6807
209,10/20/2020,332,131,,,5512,852,6970
210,10/21/2020,333,125,,,5638,851,6979
211,10/22/2020,336,122,,,5560,818,6967
212,10/23/2020,346,109,,,5480,825,6943
213,10/24/2020,343,103,,,5247,815,6827
214,10/25/2020,344,112,,,5128,806,6802
215,10/26/2020,366,105,,,5157,807,6831
216,10/27/2020,387,114,,,5414,864,6923
217,10/28/2020,382,120,,,5517,854,6981
218,10/29/2020,387,126,,,5491,865,6956
219,10/30/2020,394,126,,,5386,866,6877
220,10/31/2020,396,127,,,5092,853,6797
221,11/1/2020,396,133,,,4929,808,6723
222,11/2/2020,419,143,,,5022,777,6892
223,11/3/2020,445,153,,,5327,801,6917
224,11/4/2020,427,157,,,5415,830,6953
225,11/5/2020,457,152,,,5382,812,6961
226,11/6/2020,479,153,,,5339,817,6918
227,11/7/2020,492,163,,,5262,797,6915
228,11/8/2020,534,172,,,5060,768,6898
229,11/9/2020,585,176,,,5104,796,6897
230,11/10/2020,612,193,,,5455,829,7027
231,11/11/2020,664,199,,,5494,836,7052
232,11/12/2020,706,208,,,5402,808,7067
233,11/13/2020,703,220,,,5279,800,7007
234,11/14/2020,701,238,,,5161,770,6949
235,11/15/2020,747,238,,,4966,739,6838
236,11/16/2020,791,255,,,5023,731,6928
237,11/17/2020,874,270,,,5295,740,7082
238,11/18/2020,934,260,,,5242,790,7111
239,11/19/2020,946,261,,,5085,783,7074
240,11/20/2020,951,278,,,5018,762,7126
241,11/21/2020,973,268,,,4810,757,7074
242,11/22/2020,987,289,,,4748,734,6999
243,11/23/2020,1027,314,,,4797,702,7038
244,11/24/2020,1098,308,,,5014,752,7207
245,11/25/2020,1114,329,,,4929,727,7150
246,11/26/2020,1092,343,,,4616,715,7095
247,11/27/2020,1095,351,,,4476,666,6945
248,11/28/2020,1132,359,,,4508,673,7013
249,11/29/2020,1183,344,,,4590,663,6962
250,11/30/2020,1233,350,,,4582,651,7059
251,12/1/2020,1219,359,,,4990,652,7198
252,12/2/2020,1209,364,,,4995,687,7230
253,12/3/2020,1227,367,,,4907,705,7228
254,12/4/2020,1219,379,,,4894,683,7219
255,12/5/2020,1183,393,,,4721,677,7166
256,12/6/2020,1173,388,,,4585,664,7041
257,12/7/2020,1257,396,,,4639,668,7132
258,12/8/2020,1293,416,,,4827,658,7228
259,12/9/2020,1304,416,,,4788,666,7234
260,12/10/2020,1313,416,,,4841,679,7256
261,12/11/2020,1313,406,,,4711,689,7229
262,12/12/2020,1255,424,,,4574,672,7126
263,12/13/2020,1338,404,,,4491,659,7109
264,12/14/2020,1388,411,,,4506,690,7128
265,12/15/2020,1363,399,,,4737,698,7224
266,12/16/2020,1308,394,,,4689,693,7238
267,12/17/2020,1287,399,,,4661,667,7191
268,12/18/2020,1250,385,,,4565,696,7081
269,12/19/2020,1256,406,,,4476,694,7060
270,12/20/2020,1277,399,,,4431,660,7080
271,12/21/2020,1317,400,,,4598,660,7126
272,12/22/2020,1357,419,,,4718,657,7187
273,12/23/2020,1334,426,,,4709,660,7215
274,12/24/2020,1297,424,,,4588,643,7070
275,12/25/2020,1249,418,,,4040,636,6849
276,12/26/2020,1274,418,,,4181,601,6805
277,12/27/2020,1315,423,,,4335,617,6894
278,12/28/2020,1305,420,,,4535,661,7100
279,12/29/2020,1346,410,,,4801,702,7198
280,12/30/2020,1374,399,,,4826,720,7255
281,12/31/2020,1346,388,,,4813,716,7229
282,1/1/2021,1269,415,,,4566,680,7210
283,1/2/2021,1291,412,,,4449,662,7099
284,1/3/2021,1343,418,,,4570,663,7187
285,1/4/2021,1361,410,,,4664,665,7186
286,1/5/2021,1418,444,,,4906,654,7360
287,1/6/2021,1407,427,,,4994,717,7419
288,1/7/2021,1438,447,,,4929,697,7358
289,1/8/2021,1428,449,,,4885,679,7356
290,1/9/2021,1440,455,,,4788,650,7329
291,1/10/2021,1493,447,,,4597,652,7228
292,1/11/2021,1496,456,,,4584,662,7245
293,1/12/2021,1475,454,,,4846,685,7404
294,1/13/2021,1418,425,,,4869,692,7383
295,1/14/2021,1427,421,,,4942,704,7358
296,1/15/2021,1409,412,,,4913,703,7307
297,1/16/2021,1410,408,,,4669,685,7290
298,1/17/2021,1424,421,,,4517,657,7207
299,1/18/2021,1460,411,,,4573,673,7279
300,1/19/2021,1438,420,,,4740,661,7324
301,1/20/2021,1388,424,,,4903,723,7393
302,1/21/2021,1344,424,,,4870,705,7381
303,1/22/2021,1312,405,,,4846,714,7357
304,1/23/2021,1276,392,,,4804,715,7336
305,1/24/2021,1274,395,,,4698,686,7255
306,1/25/2021,1275,367,,,4715,699,7273
307,1/26/2021,1273,374,,,4998,709,7335
308,1/27/2021,1260,376,,,5000,684,7336
309,1/28/2021,1249,367,,,5077,708,7386
310,1/29/2021,1180,380,,,5020,712,7346
311,1/30/2021,1107,364,,,4825,746,7313
312,1/31/2021,1066,371,,,4561,716,7184
313,2/1/2021,1101,366,,,4566,694,7205
314,2/2/2021,1124,361,,,4820,734,7287
315,2/3/2021,1086,340,,,4874,757,7302
316,2/4/2021,1103,341,,,4987,780,7378
317,2/5/2021,1082,337,,,5000,771,7322
318,2/6/2021,1076,326,,,4916,747,7286
319,2/7/2021,1095,318,,,4861,739,7188
320,2/8/2021,1051,326,,,4829,719,7185
321,2/9/2021,973,325,,,5057,756,7306
322,2/10/2021,948,324,,,5161,793,7363
323,2/11/2021,899,326,,,5139,782,7350
324,2/12/2021,876,316,,,5096,768,7348
325,2/13/2021,873,293,,,4808,772,7188
326,2/14/2021,828,285,,,4733,757,7103
327,2/15/2021,817,293,,,4831,764,7201
328,2/16/2021,824,272,,,5139,795,7307
329,2/17/2021,769,279,,,5339,794,7352
330,2/18/2021,744,272,,,5189,781,7316
331,2/19/2021,771,278,,,5275,776,7280
332,2/20/2021,689,284,,,5061,757,7199
333,2/21/2021,716,276,,,4984,749,7129
334,2/22/2021,720,258,,,4968,747,7143
335,2/23/2021,711,249,,,5299,785,7324
336,2/24/2021,709,243,,,5434,816,7330
337,2/25/2021,698,245,,,5493,805,7307
338,2/26/2021,670,222,,,5412,831,7271
339,2/27/2021,628,240,,,5192,802,7237
340,2/28/2021,667,234,,,5082,787,7177
341,3/1/2021,664,232,,,5020,763,7149
342,3/2/2021,635,228,,,5400,788,7315
343,3/3/2021,640,216,,,5446,817,7276
344,3/4/2021,620,229,,,5456,790,7258
345,3/5/2021,600,230,,,5427,786,7273
346,3/6/2021,582,215,,,5222,771,7167
347,3/7/2021,577,215,,,5055,769,7066
348,3/8/2021,577,215,,,5040,759,7087
349,3/9/2021,589,214,,,5383,779,7221
350,3/10/2021,579,209,,,5466,765,7245
351,3/11/2021,572,195,,,5397,812,7222
352,3/12/2021,577,196,,,5396,820,7168
353,3/13/2021,564,210,,,5199,831,7154
354,3/14/2021,589,201,,,5076,781,7075
355,3/15/2021,592,213,,,5177,740,7166
356,3/16/2021,579,226,,,5488,799,7273
357,3/17/2021,570,223,,,5487,813,7245
358,3/18/2021,593,218,,,5382,806,7220
359,3/19/2021,650,202,,,5436,807,7234
360,3/20/2021,642,204,,,5284,811,7135
361,3/21/2021,657,205,,,5336,803,7137
362,3/22/2021,695,200,,,5220,777,7143
363,3/23/2021,691,224,,,5498,769,7269
364,3/24/2021,696,223,,,5491,805,7292
365,3/25/2021,701,232,,,5497,801,7276
366,3/26/2021,713,238,,,5499,804,7310
367,3/27/2021,738,235,,,5399,802,7281
368,3/28/2021,775,233,,,5208,755,7164
369,3/29/2021,784,245,,,5328,737,7222
370,3/30/2021,786,244,,,5482,765,7314
371,3/31/2021,785,237,,,5544,773,7314
372,4/1/2021,794,251,,,5362,783,7278
373,4/2/2021,805,259,,,5343,742,7222
374,4/3/2021,875,256,,,4944,729,7116
375,4/4/2021,905,260,,,4813,725,7026
376,4/5/2021,933,265,,,4943,743,7123
377,4/6/2021,923,277,,,5269,761,7314
378,4/7/2021,935,281,,,5376,782,7368
379,4/8/2021,963,286,,,5368,776,7344
380,4/9/2021,959,291,,,5305,771,7281
381,4/10/2021,961,279,,,5178,737,7184
382,4/11/2021,958,275,,,5042,737,7139
383,4/12/2021,968,275,,,5099,738,7121
384,4/13/2021,953,283,,,5391,775,7240
385,4/14/2021,954,290,,,5506,760,7239
386,4/15/2021,936,296,,,5419,750,7273
387,4/16/2021,922,289,,,5352,760,7219
388,4/17/2021,948,304,,,5193,723,7151
389,4/18/2021,965,294,,,5055,692,7118
390,4/19/2021,972,310,,,5104,706,7134
391,4/20/2021,979,300,,,5382,723,7260
392,4/21/2021,935,300,,,5491,748,7306
393,4/22/2021,901,289,,,5435,756,7249
394,4/23/2021,872,286,,,5383,747,7199
395,4/24/2021,868,278,,,5220,723,7159
396,4/25/2021,850,265,,,5088,702,7110
397,4/26/2021,862,269,,,5222,738,7188
398,4/27/2021,823,272,,,5452,734,7218
399,4/28/2021,813,267,,,5453,751,7208
400,4/29/2021,773,269,,,5474,741,7214
401,4/30/2021,747,264,,,5401,733,7137
402,5/1/2021,698,259,,,5336,714,7104
403,5/2/2021,682,261,,,5196,702,7041
404,5/3/2021,698,246,,,5276,697,7066
405,5/4/2021,688,246,,,5593,754,7206
406,5/5/2021,663,238,,,5592,759,7195
407,5/6/2021,640,219,,,5617,759,7219
408,5/7/2021,652,217,,,5456,751,7153
409,5/8/2021,606,216,,,5251,757,7062
410,5/9/2021,585,213,,,5144,721,6905
411,5/10/2021,579,220,,,5170,705,6978
412,5/11/2021,547,223,,,5477,743,7143
413,5/12/2021,530,200,,,5536,764,7109
414,5/13/2021,483,191,,,5581,761,7159
415,5/14/2021,476,177,,,5517,764,7096
416,5/15/2021,451,161,,,5387,775,7063
417,5/16/2021,454,159,,,5247,737,6995
418,5/17/2021,431,165,,,5339,725,7032
419,5/18/2021,430,155,,,5596,766,7117
420,5/19/2021,412,143,,,5633,802,7163
421,5/20/2021,379,142,,,5642,794,7190
422,5/21/2021,356,134,,,5518,800,7052
423,5/22/2021,328,126,,,5365,795,6975
424,5/23/2021,330,118,,,5332,780,6910
425,5/24/2021,324,118,,,5409,783,6945
426,5/25/2021,314,115,,,5647,820,7047
427,5/26/2021,298,101,,,5721,827,7074
428,5/27/2021,297,100,,,5684,843,7025
429,5/28/2021,281,94,,,5621,815,6965
430,5/29/2021,253,93,,,5304,790,6883
431,5/30/2021,246,87,,,5202,772,6832
432,5/31/2021,253,83,,,5202,751,6888
433,6/1/2021,259,86,,,5264,752,6854
434,6/2/2021,258,89,,,5701,793,6993
435,6/3/2021,240,78,,,5780,820,7054
436,6/4/2021,225,77,,,5673,820,6981
437,6/5/2021,209,74,,,5450,802,6940
438,6/6/2021,209,67,,,5348,789,6795
439,6/7/2021,200,75,,,5398,793,6903
440,6/8/2021,177,66,,,5768,835,7025
441,6/9/2021,164,63,,,5817,852,7013
442,6/10/2021,152,60,,,5796,854,7017
443,6/11/2021,138,54,,,5729,823,6954
444,6/12/2021,131,52,,,5556,809,6899
445,6/13/2021,133,54,,,5468,811,6889
446,6/14/2021,140,54,,,5537,795,6945
447,6/15/2021,122,45,,,5884,848,7077
448,6/16/2021,112,45,,,6024,859,7096
449,6/17/2021,121,41,,,5893,869,7001
450,6/18/2021,110,43,,,5773,851,6934
451,6/19/2021,107,43,,,5671,823,6832
452,6/20/2021,111,43,,,5467,787,6803
453,6/21/2021,108,38,,,5558,805,6809
454,6/22/2021,88,37,,,5900,859,6971
455,6/23/2021,78,41,,,5926,858,6963
456,6/24/2021,76,39,,,5922,851,6946
457,6/25/2021,81,35,,,5858,833,6934
458,6/26/2021,82,30,,,5580,812,6834
459,6/27/2021,84,31,,,5507,757,6731
460,6/28/2021,85,30,,,5617,769,6834
461,6/29/2021,78,29,,,5938,826,6957
462,6/30/2021,72,32,,,6038,806,6973
463,7/1/2021,66,31,,,5935,829,6975
464,7/2/2021,68,32,,,5858,811,6901
465,7/3/2021,71,33,,,5556,776,6821
466,7/4/2021,84,34,,,5388,744,6750
467,7/5/2021,83,36,,,5368,749,6710
468,7/6/2021,93,40,,,5653,753,6832
469,7/7/2021,76,35,,,5908,827,6900
470,7/8/2021,79,34,,,5949,839,6953
471,7/9/2021,78,37,,,5918,833,6905
472,7/10/2021,78,42,,,5807,825,6838
473,7/11/2021,79,43,,,5667,803,6791
474,7/12/2021,89,45,,,5722,832,6831
475,7/13/2021,91,46,,,5981,865,6913
476,7/14/2021,88,44,,,5937,847,6894
477,7/15/2021,75,45,,,5996,864,6934
478,7/16/2021,94,40,,,5893,833,6860
479,7/17/2021,95,36,,,5737,816,6815
480,7/18/2021,97,41,,,5637,775,6727
481,7/19/2021,97,42,,,5721,794,6767
482,7/20/2021,102,44,,,5951,817,6840
483,7/21/2021,109,43,,,5974,844,6883
484,7/22/2021,117,46,,,5918,824,6872
485,7/23/2021,114,45,,,5798,798,6830
486,7/24/2021,135,38,,,5623,777,6779
487,7/25/2021,131,37,,,5571,752,6673
488,7/26/2021,140,49,,,5609,771,6755
489,7/27/2021,152,56,,,5740,810,6824
490,7/28/2021,160,55,,,5923,836,6951
491,7/29/2021,164,58,,,5818,839,6860
492,7/30/2021,165,66,,,5672,819,6829
493,7/31/2021,184,72,,,5495,783,6705
494,8/1/2021,202,79,,,5303,766,6555
495,8/2/2021,226,83,,,5513,795,6714
496,8/3/2021,243,82,,,5782,822,6856
497,8/4/2021,250,87,,,5903,848,6957
498,8/5/2021,261,84,,,5651,787,6773
499,8/6/2021,270,95,,,5700,806,6770
500,8/7/2021,280,94,,,5510,815,6681
501,8/8/2021,307,98,,,5412,778,6634
502,8/9/2021,324,100,,,5440,760,6653
503,8/10/2021,350,106,,,5729,784,6805
504,8/11/2021,368,122,,,5678,773,6801
505,8/12/2021,369,123,,,5771,782,6873
506,8/13/2021,387,135,,,5738,756,6826
507,8/14/2021,413,133,,,5574,771,6780
508,8/15/2021,447,129,,,5411,775,6703
509,8/16/2021,461,150,,,5407,745,6707
510,8/17/2021,488,142,,,5554,766,6798
511,8/18/2021,488,155,,,5639,772,6866
512,8/19/2021,497,159,,,5677,773,6875
513,8/20/2021,496,159,,,5638,768,6834
514,8/21/2021,481,166,,,5479,743,6767
515,8/22/2021,538,160,,,5294,747,6665
516,8/23/2021,556,163,,,5391,718,6736
517,8/24/2021,532,177,,,5637,743,6875
518,8/25/2021,537,183,,,5680,732,6849
519,8/26/2021,535,176,,,5696,775,6920
520,8/27/2021,510,180,,,5472,777,6759
521,8/28/2021,505,174,,,5345,746,6708
522,8/29/2021,536,169,,,5235,731,6646
523,8/30/2021,571,173,,,5231,729,6707
524,8/31/2021,595,179,,,5464,733,6832
525,9/1/2021,607,171,,,5528,769,6836
526,9/2/2021,631,181,,,5560,771,6877
527,9/3/2021,630,190,,,5425,756,6862
528,9/4/2021,623,186,,,5191,731,6684
529,9/5/2021,609,171,,,5058,718,6525
530,9/6/2021,627,190,,,5225,721,6715
531,9/7/2021,616,204,5,6,5367,708,6811
532,9/8/2021,603,213,8,7,5614,718,6899
533,9/9/2021,613,217,9,6,5603,699,6855
534,9/10/2021,608,214,8,6,5588,729,6873
535,9/11/2021,585,214,6,7,5420,726,6780
536,9/12/2021,590,212,6,6,5344,660,6711
537,9/13/2021,622,206,10,5,5321,659,6785
538,9/14/2021,602,217,13,4,5561,688,6835
539,9/15/2021,584,211,8,3,5564,727,6817
540,9/16/2021,581,206,8,4,5657,765,6875
541,9/17/2021,571,217,7,4,5477,741,6809
542,9/18/2021,599,208,9,2,5325,733,6674
543,9/19/2021,618,207,7,4,5209,671,6648
544,9/20/2021,623,202,6,5,5242,687,6695
545,9/21/2021,625,199,5,6,5411,693,6710
546,9/22/2021,610,182,8,5,5567,726,6831
547,9/23/2021,587,185,8,5,5484,732,6728
548,9/24/2021,563,186,8,4,5526,737,6780
549,9/25/2021,569,185,10,3,5311,736,6709
550,9/26/2021,604,192,8,3,5193,720,6651
551,9/27/2021,585,200,5,4,5256,693,6695
552,9/28/2021,577,198,7,3,5493,740,6767
553,9/29/2021,588,209,7,4,5478,728,6775
554,9/30/2021,568,208,7,6,5496,728,6806
555,10/1/2021,548,204,10,4,5548,718,6787
556,10/2/2021,566,196,8,2,5336,732,6655
557,10/3/2021,564,199,8,2,5273,704,6616
558,10/4/2021,573,201,8,2,5284,704,6675
559,10/5/2021,579,209,2,2,5614,723,6850
560,10/6/2021,577,209,2,4,5778,760,6990
561,10/7/2021,594,190,3,4,5664,749,6895
562,10/8/2021,587,188,5,3,5639,766,6877
563,10/9/2021,548,197,7,1,5450,745,6763
564,10/10/2021,550,188,6,1,5372,714,6717
565,10/11/2021,551,195,8,1,5445,702,6788
566,10/12/2021,558,192,11,1,5623,722,6826
567,10/13/2021,545,196,10,1,5650,757,6863
568,10/14/2021,547,175,6,1,5713,790,7007
569,10/15/2021,517,174,5,3,5642,789,6927
570,10/16/2021,496,178,4,3,5401,733,6749
571,10/17/2021,495,181,6,3,5320,704,6675
572,10/18/2021,525,178,6,3,5300,704,6758
573,10/19/2021,495,177,5,5,5657,708,6880
574,10/20/2021,494,167,4,3,5683,740,6899
575,10/21/2021,492,158,4,3,5678,782,6901
576,10/22/2021,480,154,5,2,5608,769,6821
577,10/23/2021,458,155,3,2,5546,734,6747
578,10/24/2021,452,152,3,2,5425,701,6628
579,10/25/2021,457,154,1,2,5489,698,6749
580,10/26/2021,433,151,1,2,5698,735,6840
581,10/27/2021,429,155,3,1,5794,758,6943
582,10/28/2021,420,164,4,2,5674,757,6910
583,10/29/2021,438,152,5,3,5663,770,6854
584,10/30/2021,433,147,4,3,5456,749,6725
585,10/31/2021,412,145,3,3,5405,718,6663
586,11/1/2021,420,143,3,2,5444,707,6729
587,11/2/2021,400,148,4,1,5749,774,6927
588,11/3/2021,369,136,3,1,5796,774,6946
589,11/4/2021,368,135,3,3,5795,767,6928
590,11/5/2021,391,132,6,1,5519,793,6880
591,11/6/2021,359,140,2,2,5593,774,6811
592,11/7/2021,388,134,2,2,5438,754,6718
593,11/8/2021,394,132,4,2,5462,737,6774
594,11/9/2021,392,133,2,2,5816,769,6941
595,11/10/2021,377,126,0,2,5833,794,6932
596,11/11/2021,382,125,0,2,5900,815,6939
597,11/12/2021,364,131,1,2,5909,818,6954
598,11/13/2021,364,128,0,1,5674,789,6834
599,11/14/2021,368,121,0,1,5546,786,6714
600,11/15/2021,385,120,2,1,5606,786,6825
601,11/16/2021,403,118,2,2,5825,794,6928
602,11/17/2021,415,131,3,1,5847,816,6985
603,11/18/2021,418,133,2,1,5783,802,6958
604,11/19/2021,416,137,2,1,5820,781,6934
605,11/20/2021,437,128,4,2,5582,781,6857
606,11/21/2021,434,140,4,3,5400,731,6736
607,11/22/2021,428,152,4,1,5506,744,6854
608,11/23/2021,429,168,4,2,5731,756,6932
609,11/24/2021,423,170,7,2,5632,777,6935
610,11/25/2021,421,166,6,1,5293,751,6779
611,11/26/2021,448,166,4,2,5048,714,6661
612,11/27/2021,450,169,6,1,5237,729,6667
613,11/28/2021,441,172,5,3,5340,707,6663
614,11/29/2021,486,170,5,2,5500,716,6820
615,11/30/2021,529,162,5,2,5720,785,6933
616,12/1/2021,555,179,6,2,5813,782,6995
617,12/2/2021,579,180,5,3,5752,816,6996
618,12/3/2021,585,191,3,3,5769,796,6991
619,12/4/2021,619,178,5,3,5601,818,6900
620,12/5/2021,637,176,5,2,5480,797,6803
621,12/6/2021,690,194,7,2,5488,746,6809
622,12/7/2021,713,206,4,2,5644,765,6946
623,12/8/2021,752,225,5,2,5708,774,7001
624,12/9/2021,781,236,8,2,5726,755,7048
625,12/10/2021,804,234,8,2,5574,779,6963
626,12/11/2021,791,246,9,2,5391,761,6861
627,12/12/2021,855,254,14,3,5335,735,6873
628,12/13/2021,888,273,9,3,5367,694,6874
