,County of residence,Population,At least one dose,At least one dose percent,Fully vaccinated,Fully vaccinated percent,Date
0,Fairfield,943332.0,102830,10.9,41440,4.39,02/16/2021
1,Hartford,891720.0,109336,12.26,56622,6.35,02/16/2021
2,Litchfield,180333.0,24199,13.42,10692,5.93,02/16/2021
3,Middlesex,162436.0,27369,16.85,12314,7.58,02/16/2021
4,New Haven,854757.0,117346,13.73,57232,6.7,02/16/2021
5,New London,265206.0,34052,12.84,15405,5.81,02/16/2021
6,Tolland,150721.0,15970,10.6,7431,4.93,02/16/2021
7,Windham,116782.0,12053,10.32,5014,4.29,02/16/2021
8,Residence out of state,,10842,,5031,,02/16/2021
9,Address pending validation,,8620,,2920,,02/16/2021
10,Total,3565287.0,462617,12.98,214101,6.01,02/16/2021
11,Fairfield,943332.0,123598,13.1,57117,6.05,02/23/2021
12,Hartford,891720.0,129810,14.56,73885,8.29,02/23/2021
13,Litchfield,180333.0,28775,15.96,14742,8.17,02/23/2021
14,Middlesex,162436.0,32069,19.74,15925,9.8,02/23/2021
15,New Haven,854757.0,134019,15.68,74075,8.67,02/23/2021
16,New London,265206.0,43359,16.35,21431,8.08,02/23/2021
17,Tolland,150721.0,20445,13.56,10147,6.73,02/23/2021
18,Windham,116782.0,15577,13.34,7027,6.02,02/23/2021
19,Residence out of state,,17248,,10388,,02/23/2021
20,Address pending validation,,8819,,2864,,02/23/2021
21,Total,3565287.0,553719,15.53,287601,8.07,02/23/2021
22,Fairfield,943332.0,142288,15.08,72274,7.66,03/01/2021
23,Hartford,891720.0,150641,16.89,85057,9.54,03/01/2021
24,Litchfield,180333.0,33855,18.77,17586,9.75,03/01/2021
25,Middlesex,162436.0,36328,22.36,19088,11.75,03/01/2021
26,New Haven,854757.0,152740,17.87,85880,10.05,03/01/2021
27,New London,265206.0,49633,18.71,26048,9.82,03/01/2021
28,Tolland,150721.0,24088,15.98,12054,8.0,03/01/2021
29,Windham,116782.0,18226,15.61,8917,7.64,03/01/2021
30,Residence out of state,,18496,,12639,,03/01/2021
31,Address pending validation,,12073,,5456,,03/01/2021
32,Total,3565287.0,638368,17.91,344999,9.68,03/01/2021
33,Fairfield,943332.0,179399,19.02,88671,9.4,03/08/2021
34,Hartford,891720.0,187553,21.03,99556,11.16,03/08/2021
35,Litchfield,180333.0,41685,23.12,20714,11.49,03/08/2021
36,Middlesex,162436.0,45190,27.82,23899,14.71,03/08/2021
37,New Haven,854757.0,187213,21.9,101640,11.89,03/08/2021
38,New London,265206.0,61321,23.12,32239,12.16,03/08/2021
39,Tolland,150721.0,31193,20.7,14941,9.91,03/08/2021
40,Windham,116782.0,22759,19.49,10854,9.29,03/08/2021
41,Residence out of state,,21224,,14073,,03/08/2021
42,Address pending validation,,12755,,6570,,03/08/2021
43,Total,3565287.0,790292,22.17,413157,11.59,03/08/2021
44,Fairfield,943332.0,212574,22.53,111486,11.82,03/15/2021
45,Hartford,891720.0,223891,25.11,120167,13.48,03/15/2021
46,Litchfield,180333.0,49754,27.59,25665,14.23,03/15/2021
47,Middlesex,162436.0,52099,32.07,28797,17.73,03/15/2021
48,New Haven,854757.0,219316,25.66,124316,14.54,03/15/2021
49,New London,265206.0,70239,26.48,39866,15.03,03/15/2021
50,Tolland,150721.0,37242,24.71,18511,12.28,03/15/2021
51,Windham,116782.0,27074,23.18,14620,12.52,03/15/2021
52,Residence out of state,,23546,,15480,,03/15/2021
53,Address pending validation,,13869,,7860,,03/15/2021
54,Fairfield,943332.0,249949,26.5,134726,14.28,03/22/2021
55,Hartford,891720.0,261195,29.29,148779,16.68,03/22/2021
56,Litchfield,180333.0,55556,30.81,31085,17.24,03/22/2021
57,Middlesex,162436.0,58828,36.22,34508,21.24,03/22/2021
58,New Haven,854757.0,247135,28.91,145993,17.08,03/22/2021
59,New London,265206.0,80003,30.17,47301,17.84,03/22/2021
60,Tolland,150721.0,43378,28.78,23751,15.76,03/22/2021
61,Windham,116782.0,30355,25.99,17622,15.09,03/22/2021
62,Resident out of state,,26058,,16784,,03/22/2021
63,Address pending validation,,8191,,5133,,03/22/2021
64,Fairfield,943332.0,295411,31.32,156677,16.61,03/31/2021
65,Hartford,891720.0,298967,33.53,177157,19.87,03/31/2021
66,Litchfield,180333.0,60830,33.73,36433,20.2,03/31/2021
67,Middlesex,162436.0,65773,40.49,40455,24.91,03/31/2021
68,New Haven,854757.0,279017,32.64,172861,20.22,03/31/2021
69,New London,265206.0,89888,33.89,56787,21.41,03/31/2021
70,Tolland,150721.0,48319,32.06,27894,18.51,03/31/2021
71,Windham,116782.0,33000,28.26,19992,17.12,03/31/2021
72,Resident out of state,,31277,,19698,,03/31/2021
73,Address pending validation,,8589,,5083,,03/31/2021
74,Total,3565287.0,1211071,33.97,713037,20.0,03/31/2021
75,Fairfield,943332.0,371357,39.37,203485,21.57,04/07/2021
76,Hartford,891720.0,363221,40.73,226788,25.43,04/07/2021
77,Litchfield,180333.0,73427,40.72,46903,26.01,04/07/2021
78,Middlesex,162436.0,78564,48.37,50730,31.23,04/07/2021
79,New Haven,854757.0,337177,39.45,216102,25.28,04/07/2021
80,New London,265206.0,106323,40.09,69857,26.34,04/07/2021
81,Tolland,150721.0,59410,39.42,37064,24.59,04/07/2021
82,Windham,116782.0,40404,34.6,25850,22.14,04/07/2021
83,Resident out of state,,37809,,23102,,04/07/2021
84,Address pending validation,,10589,,6430,,04/07/2021
85,Fairfield,943332.0,449180,47.62,264668,28.06,04/14/2021
86,Hartford,891720.0,439678,49.31,295005,33.08,04/14/2021
87,Litchfield,180333.0,86602,48.02,58872,32.65,04/14/2021
88,Middlesex,162436.0,92461,56.92,63115,38.86,04/14/2021
89,New Haven,854757.0,400616,46.87,270513,31.65,04/14/2021
90,New London,265206.0,125479,47.31,88956,33.54,04/14/2021
91,Tolland,150721.0,71562,47.48,47823,31.73,04/14/2021
92,Windham,116782.0,46440,39.77,32572,27.89,04/14/2021
93,Resident out of state,,45348,,27814,,04/14/2021
94,Address pending validation,,13186,,8696,,04/14/2021
95,Fairfield,943332.0,446219,47.3,263789,27.96,04/21/2021
96,Hartford,891720.0,427359,47.93,285267,31.99,04/21/2021
97,Litchfield,180333.0,85882,47.62,58073,32.2,04/21/2021
98,Middlesex,162436.0,89732,55.24,61498,37.86,04/21/2021
99,New Haven,854757.0,395866,46.31,263482,30.83,04/21/2021
100,New London,265206.0,122941,46.36,86394,32.58,04/21/2021
101,Tolland,150721.0,69494,46.11,45445,30.15,04/21/2021
102,Windham,116782.0,43745,37.46,30557,26.17,04/21/2021
103,Resident out of state,,46192,,27676,,04/21/2021
104,Address pending validation,,13572,,8697,,04/21/2021
105,Fairfield,943332.0,467203,49.53,306538,32.5,04/28/2021
106,Hartford,891720.0,443548,49.74,315833,35.42,04/28/2021
107,Litchfield,180333.0,89199,49.46,64371,35.7,04/28/2021
108,Middlesex,162436.0,93819,57.76,67948,41.83,04/28/2021
109,New Haven,854757.0,411143,48.1,293869,34.38,04/28/2021
110,New London,265206.0,126945,47.87,94958,35.81,04/28/2021
111,Tolland,150721.0,71160,47.21,51358,34.07,04/28/2021
112,Windham,116782.0,45058,38.58,33437,28.63,04/28/2021
113,Resident out of state,,50400,,31231,,04/28/2021
114,Address pending validation,,23485,,17684,,04/28/2021
115,Fairfield,943332.0,489602,51.9,349193,37.02,05/05/2021
116,Hartford,891720.0,460970,51.69,347554,38.98,05/05/2021
117,Litchfield,180333.0,92208,51.13,69967,38.8,05/05/2021
118,Middlesex,162436.0,97618,60.1,75152,46.27,05/05/2021
119,New Haven,854757.0,427676,50.03,324917,38.01,05/05/2021
120,New London,265206.0,131590,49.62,104196,39.29,05/05/2021
121,Tolland,150721.0,73632,48.85,56169,37.27,05/05/2021
122,Windham,116782.0,47225,40.44,35909,30.75,05/05/2021
123,Resident out of state,,52570,,34821,,05/05/2021
124,Address pending validation,,23955,,18695,,05/05/2021
125,Fairfield,943332.0,508060,53.86,394282,41.8,05/12/2021
126,Hartford,891720.0,477717,53.57,387099,43.41,05/12/2021
127,Litchfield,180333.0,95276,52.83,76466,42.4,05/12/2021
128,Middlesex,162436.0,100566,61.91,82865,51.01,05/12/2021
129,New Haven,854757.0,442310,51.75,360421,42.17,05/12/2021
130,New London,265206.0,136593,51.5,112836,42.55,05/12/2021
131,Tolland,150721.0,75930,50.38,63247,41.96,05/12/2021
132,Windham,116782.0,48854,41.83,39319,33.67,05/12/2021
133,Resident out of state,,55301,,40323,,05/12/2021
134,Address pending validation,,24309,,19944,,05/12/2021
135,Fairfield,943332.0,533469,56.55,430226,45.61,05/19/2021
136,Hartford,891720.0,488792,54.81,410545,46.04,05/19/2021
137,Litchfield,180333.0,102065,56.6,84748,47.0,05/19/2021
138,Middlesex,162436.0,104141,64.11,89092,54.85,05/19/2021
139,New Haven,854757.0,460442,53.87,387443,45.33,05/19/2021
140,New London,265206.0,141831,53.48,120862,45.57,05/19/2021
141,Tolland,150721.0,78534,52.11,67428,44.74,05/19/2021
142,Windham,116782.0,51891,44.43,43183,36.98,05/19/2021
143,Resident out of state,,57381,,43684,,05/19/2021
144,Address pending validation,,16821,,14413,,05/19/2021
145,Fairfield,943332.0,556437,58.99,455933,48.33,05/26/2021
146,Hartford,891720.0,509539,57.14,431820,48.43,05/26/2021
147,Litchfield,180333.0,105559,58.54,88695,49.18,05/26/2021
148,Middlesex,162436.0,107307,66.06,93304,57.44,05/26/2021
149,New Haven,854757.0,477736,55.89,407205,47.64,05/26/2021
150,New London,265206.0,146629,55.29,126366,47.65,05/26/2021
151,Tolland,150721.0,81509,54.08,70909,47.05,05/26/2021
152,Windham,116782.0,54659,46.8,46638,39.94,05/26/2021
153,Resident out of state,,60080,,45853,,05/26/2021
154,Address pending validation,,16959,,14869,,05/26/2021
155,Fairfield,943332.0,566727,60.08,470390,49.86,06/02/2021
156,Hartford,891720.0,519168,58.22,444720,49.87,06/02/2021
157,Litchfield,180333.0,106993,59.33,90996,50.46,06/02/2021
158,Middlesex,162436.0,108521,66.81,95304,58.67,06/02/2021
159,New Haven,854757.0,486046,56.86,417748,48.87,06/02/2021
160,New London,265206.0,148861,56.13,129858,48.96,06/02/2021
161,Tolland,150721.0,82758,54.91,72616,48.18,06/02/2021
162,Windham,116782.0,55604,47.61,48089,41.18,06/02/2021
163,Resident out of state,,61787,,47740,,06/02/2021
164,Address pending validation,,16915,,14993,,06/02/2021
165,Fairfield,943332.0,576386,61.1,493839,52.35,06/09/2021
166,Hartford,891720.0,526939,59.09,459636,51.54,06/09/2021
167,Litchfield,180333.0,110025,61.01,95902,53.18,06/09/2021
168,Middlesex,162436.0,109590,67.47,97805,60.21,06/09/2021
169,New Haven,854757.0,492954,57.67,434410,50.82,06/09/2021
170,New London,265206.0,150638,56.8,134998,50.9,06/09/2021
171,Tolland,150721.0,83753,55.57,74878,49.68,06/09/2021
172,Windham,116782.0,56435,48.33,49726,42.58,06/09/2021
173,Resident out of state,,63176,,49902,,06/09/2021
174,Address pending validation,,16893,,15123,,06/09/2021
175,Fairfield,943332.0,584551,61.97,514120,54.5,06/16/2021
176,Hartford,891720.0,534159,59.9,477115,53.51,06/16/2021
177,Litchfield,180333.0,111840,62.02,101274,56.16,06/16/2021
178,Middlesex,162436.0,110422,67.98,100650,61.96,06/16/2021
179,New Haven,854757.0,499966,58.49,449590,52.6,06/16/2021
180,New London,265206.0,152257,57.41,139141,52.47,06/16/2021
181,Tolland,150721.0,84491,56.06,77306,51.29,06/16/2021
182,Windham,116782.0,57125,48.92,51769,44.33,06/16/2021
183,Resident out of state,,64593,,52021,,06/16/2021
184,Address pending validation,,16870,,15216,,06/16/2021
185,Fairfield,943332.0,590938,62.64,524738,55.63,06/23/2021
186,Hartford,891720.0,539882,60.54,486870,54.6,06/23/2021
187,Litchfield,180333.0,112760,62.53,102859,57.04,06/23/2021
188,Middlesex,162436.0,111191,68.45,101949,62.76,06/23/2021
189,New Haven,854757.0,505085,59.09,458021,53.58,06/23/2021
190,New London,265206.0,153591,57.91,141499,53.35,06/23/2021
191,Tolland,150721.0,85111,56.47,78609,52.16,06/23/2021
192,Windham,116782.0,57627,49.35,52753,45.17,06/23/2021
193,Resident out of state,,65696,,53160,,06/23/2021
194,Address pending validation,,16864,,15343,,06/23/2021
195,Fairfield,943332.0,596623,63.25,538391,57.07,06/30/2021
196,Hartford,891720.0,544977,61.12,499646,56.03,06/30/2021
197,Litchfield,180333.0,113627,63.01,105443,58.47,06/30/2021
198,Middlesex,162436.0,112154,69.05,104235,64.17,06/30/2021
199,New Haven,854757.0,510175,59.69,469406,54.92,06/30/2021
200,New London,265206.0,154933,58.42,144802,54.6,06/30/2021
201,Tolland,150721.0,85659,56.83,80215,53.22,06/30/2021
202,Windham,116782.0,58227,49.86,54237,46.44,06/30/2021
203,Resident out of state,,66592,,54462,,06/30/2021
204,Address pending validation,,16864,,15430,,06/30/2021
205,Fairfield,943332.0,600733,63.68,544005,57.67,07/07/2021
206,Hartford,891720.0,548568,61.52,504388,56.56,07/07/2021
207,Litchfield,180333.0,114160,63.31,106142,58.86,07/07/2021
208,Middlesex,162436.0,112713,69.39,104945,64.61,07/07/2021
209,New Haven,854757.0,513933,60.13,474400,55.5,07/07/2021
210,New London,265206.0,155961,58.81,145929,55.02,07/07/2021
211,Tolland,150721.0,86166,57.17,80787,53.6,07/07/2021
212,Windham,116782.0,58633,50.21,54722,46.86,07/07/2021
213,Resident out of state,,67384,,55082,,07/07/2021
214,Address pending validation,,16804,,15424,,07/07/2021
215,Fairfield,943332.0,606144,64.26,549813,58.28,07/14/2021
216,Hartford,891720.0,552394,61.95,508793,57.06,07/14/2021
217,Litchfield,180333.0,114884,63.71,106928,59.29,07/14/2021
218,Middlesex,162436.0,113216,69.7,105494,64.94,07/14/2021
219,New Haven,854757.0,518196,60.62,478771,56.01,07/14/2021
220,New London,265206.0,156966,59.19,146983,55.42,07/14/2021
221,Tolland,150721.0,86608,57.46,81305,53.94,07/14/2021
222,Windham,116782.0,59082,50.59,55129,47.21,07/14/2021
223,Resident out of state,,68339,,55792,,07/14/2021
224,Address pending validation,,16726,,15383,,07/14/2021
225,Fairfield,943332.0,610723,64.74,556328,58.97,07/21/2021
226,Hartford,891720.0,556181,62.37,513970,57.64,07/21/2021
227,Litchfield,180333.0,115533,64.07,107766,59.76,07/21/2021
228,Middlesex,162436.0,113665,69.98,106200,65.38,07/21/2021
229,New Haven,854757.0,522604,61.14,483828,56.6,07/21/2021
230,New London,265206.0,157920,59.55,148283,55.91,07/21/2021
231,Tolland,150721.0,87071,57.77,81972,54.39,07/21/2021
232,Windham,116782.0,59578,51.02,55748,47.74,07/21/2021
233,Resident out of state,,69282,,56648,,07/21/2021
234,Address pending validation,,16582,,15297,,07/21/2021
235,Fairfield,943332.0,617796,65.49,568063,60.22,07/28/2021
236,Hartford,891720.0,562355,63.06,524174,58.78,07/28/2021
237,Litchfield,180333.0,116607,64.66,109478,60.71,07/28/2021
238,Middlesex,162436.0,114695,70.61,107925,66.44,07/28/2021
239,New Haven,854757.0,528591,61.84,493052,57.68,07/28/2021
240,New London,265206.0,159440,60.12,150560,56.77,07/28/2021
241,Tolland,150721.0,87851,58.29,83276,55.25,07/28/2021
242,Windham,116782.0,60248,51.59,56584,48.45,07/28/2021
243,Resident out of state,,70417,,57614,,07/28/2021
244,Address pending validation,,16511,,15215,,07/28/2021
245,Fairfield,943332.0,621390,65.87,572124,60.65,08/04/2021
246,Hartford,891720.0,565650,63.43,527635,59.17,08/04/2021
247,Litchfield,180333.0,117146,64.96,110066,61.03,08/04/2021
248,Middlesex,162436.0,115093,70.85,108365,66.71,08/04/2021
249,New Haven,854757.0,532139,62.26,496721,58.11,08/04/2021
250,New London,265206.0,160365,60.47,151492,57.12,08/04/2021
251,Tolland,150721.0,88191,58.51,83631,55.49,08/04/2021
252,Windham,116782.0,60711,51.99,56996,48.81,08/04/2021
253,Resident out of state,,71018,,58098,,08/04/2021
254,Address pending validation,,16479,,15216,,08/04/2021
255,Fairfield,943332.0,632329,67.03,577051,61.17,08/12/2021
256,Hartford,891720.0,574773,64.46,531801,59.64,08/12/2021
257,Litchfield,180333.0,118671,65.81,110842,61.47,08/12/2021
258,Middlesex,162436.0,116497,71.72,109120,67.18,08/12/2021
259,New Haven,854757.0,541629,63.37,501108,58.63,08/12/2021
260,New London,265206.0,162732,61.36,152576,57.53,08/12/2021
261,Tolland,150721.0,89284,59.24,84221,55.88,08/12/2021
262,Windham,116782.0,61787,52.91,57523,49.26,08/12/2021
263,Resident out of state,,72655,,58615,,08/12/2021
264,Address pending validation,,16561,,15229,,08/12/2021
265,Fairfield,943332.0,639851,67.83,582706,61.77,08/18/2021
266,Hartford,891720.0,580910,65.14,536657,60.18,08/18/2021
267,Litchfield,180333.0,119809,66.44,111759,61.97,08/18/2021
268,Middlesex,162436.0,117395,72.27,109944,67.68,08/18/2021
269,New Haven,854757.0,548157,64.13,506275,59.23,08/18/2021
270,New London,265206.0,164394,61.99,153823,58.0,08/18/2021
271,Tolland,150721.0,89956,59.68,84839,56.29,08/18/2021
272,Windham,116782.0,62505,53.52,58090,49.74,08/18/2021
273,Resident out of state,,73984,,59246,,08/18/2021
274,Address pending validation,,16572,,15215,,08/18/2021
275,Fairfield,943332.0,646506,68.53,588506,62.39,08/25/2021
276,Hartford,891720.0,586196,65.74,541951,60.78,08/25/2021
277,Litchfield,180333.0,120740,66.95,112683,62.49,08/25/2021
278,Middlesex,162436.0,118105,72.71,110803,68.21,08/25/2021
279,New Haven,854757.0,554283,64.85,511573,59.85,08/25/2021
280,New London,265206.0,165846,62.53,155300,58.56,08/25/2021
281,Tolland,150721.0,90588,60.1,85481,56.71,08/25/2021
282,Windham,116782.0,63110,54.04,58760,50.32,08/25/2021
283,Resident out of state,,75614,,59944,,08/25/2021
284,Address pending validation,,16560,,15188,,08/25/2021
285,Fairfield,943332.0,653528,69.28,595217,63.1,09/01/2021
286,Hartford,891720.0,591782,66.36,547873,61.44,09/01/2021
287,Litchfield,180333.0,122380,67.86,114132,63.29,09/01/2021
288,Middlesex,162436.0,118909,73.2,111608,68.71,09/01/2021
289,New Haven,854757.0,560706,65.6,517675,60.56,09/01/2021
290,New London,265206.0,167403,63.12,156876,59.15,09/01/2021
291,Tolland,150721.0,91282,60.56,86195,57.19,09/01/2021
292,Windham,116782.0,63875,54.7,59457,50.91,09/01/2021
293,Resident out of state,,77445,,60848,,09/01/2021
294,Address pending validation,,16545,,15149,,09/01/2021
295,Fairfield,943332.0,658094,69.76,600156,63.62,09/08/2021
296,Hartford,891720.0,595634,66.8,552457,61.95,09/08/2021
297,Litchfield,180333.0,123176,68.3,114972,63.76,09/08/2021
298,Middlesex,162436.0,119513,73.58,112272,69.12,09/08/2021
299,New Haven,854757.0,564646,66.06,522273,61.1,09/08/2021
300,New London,265206.0,168467,63.52,158171,59.64,09/08/2021
301,Tolland,150721.0,91844,60.94,86784,57.58,09/08/2021
302,Windham,116782.0,64392,55.14,59943,51.33,09/08/2021
303,Resident out of state,,79030,,61673,,09/08/2021
304,Address pending validation,,16556,,15139,,09/08/2021
305,Fairfield,943332.0,662576,70.24,605791,64.22,09/15/2021
306,Hartford,891720.0,599843,67.27,557551,62.53,09/15/2021
307,Litchfield,180333.0,123893,68.7,115919,64.28,09/15/2021
308,Middlesex,162436.0,120066,73.92,112879,69.49,09/15/2021
309,New Haven,854757.0,568665,66.53,527749,61.74,09/15/2021
310,New London,265206.0,169609,63.95,159498,60.14,09/15/2021
311,Tolland,150721.0,92363,61.28,87349,57.95,09/15/2021
312,Windham,116782.0,64982,55.64,60608,51.9,09/15/2021
313,Resident out of state,,80662,,62500,,09/15/2021
314,Address pending validation,,16529,,15117,,09/15/2021
315,Fairfield,943332.0,667092,70.72,611815,64.86,09/22/2021
316,Hartford,891720.0,603887,67.72,562595,63.09,09/22/2021
317,Litchfield,180333.0,124616,69.1,117002,64.88,09/22/2021
318,Middlesex,162436.0,120707,74.31,113671,69.98,09/22/2021
319,New Haven,854757.0,572357,66.96,533124,62.37,09/22/2021
320,New London,265206.0,172602,65.08,162667,61.34,09/22/2021
321,Tolland,150721.0,92853,61.61,87970,58.37,09/22/2021
322,Windham,116782.0,65558,56.14,61211,52.41,09/22/2021
323,Resident out of state,,82413,,63807,,09/22/2021
324,Address pending validation,,15745,,14344,,09/22/2021
325,Fairfield,943332.0,670909,71.12,615771,65.28,09/29/2021
326,Hartford,891720.0,607773,68.16,566240,63.5,09/29/2021
327,Litchfield,180333.0,125313,69.49,117769,65.31,09/29/2021
328,Middlesex,162436.0,121216,74.62,114160,70.28,09/29/2021
329,New Haven,854757.0,576178,67.41,536944,62.82,09/29/2021
330,New London,265206.0,173551,65.44,163595,61.69,09/29/2021
331,Tolland,150721.0,93326,61.92,88449,58.68,09/29/2021
332,Windham,116782.0,66045,56.55,61667,52.81,09/29/2021
333,Resident out of state,,84160,,64729,,09/29/2021
334,Address pending validation,,15666,,14249,,09/29/2021
335,Fairfield,943332.0,674835,71.54,619468,65.67,10/06/2021
336,Hartford,891720.0,611367,68.56,569961,63.92,10/06/2021
337,Litchfield,180333.0,126062,69.91,118465,65.69,10/06/2021
338,Middlesex,162436.0,121895,75.04,114765,70.65,10/06/2021
339,New Haven,854757.0,580035,67.86,540841,63.27,10/06/2021
340,New London,265206.0,175540,66.19,165448,62.38,10/06/2021
341,Tolland,150721.0,93872,62.28,88973,59.03,10/06/2021
342,Windham,116782.0,66542,56.98,62262,53.31,10/06/2021
343,Resident out of state,,87041,,66329,,10/06/2021
344,Address pending validation,,16697,,15214,,10/06/2021
345,Fairfield,943332.0,678067,71.88,622717,66.01,10/13/2021
346,Hartford,891720.0,614187,68.88,573294,64.29,10/13/2021
347,Litchfield,180333.0,126578,70.19,119093,66.04,10/13/2021
348,Middlesex,162436.0,122303,75.29,115191,70.91,10/13/2021
349,New Haven,854757.0,583002,68.21,544010,63.64,10/13/2021
350,New London,265206.0,176461,66.54,166286,62.7,10/13/2021
351,Tolland,150721.0,94236,62.52,89329,59.27,10/13/2021
352,Windham,116782.0,66932,57.31,62722,53.71,10/13/2021
353,Resident out of state,,89539,,67921,,10/13/2021
354,Address pending validation,,16341,,14889,,10/13/2021
355,Fairfield,943332.0,681037,72.19,625574,66.32,10/20/2021
356,Hartford,891720.0,616869,69.18,576648,64.67,10/20/2021
357,Litchfield,180333.0,127055,70.46,119620,66.33,10/20/2021
358,Middlesex,162436.0,122747,75.57,115613,71.17,10/20/2021
359,New Haven,854757.0,585835,68.54,547127,64.01,10/20/2021
360,New London,265206.0,177328,66.86,167110,63.01,10/20/2021
361,Tolland,150721.0,94718,62.84,89809,59.59,10/20/2021
362,Windham,116782.0,67279,57.61,63168,54.09,10/20/2021
363,Resident out of state,,91710,,69183,,10/20/2021
364,Address pending validation,,15949,,14521,,10/20/2021
365,Fairfield,943332.0,683827,72.49,628076,66.58,10/27/2021
366,Hartford,891720.0,619425,69.46,579239,64.96,10/27/2021
367,Litchfield,180333.0,127584,70.75,120067,66.58,10/27/2021
368,Middlesex,162436.0,122996,75.72,115920,71.36,10/27/2021
369,New Haven,854757.0,588533,68.85,549921,64.34,10/27/2021
370,New London,265206.0,178489,67.3,167986,63.34,10/27/2021
371,Tolland,150721.0,95373,63.28,90380,59.97,10/27/2021
372,Windham,116782.0,67698,57.97,63570,54.43,10/27/2021
373,Resident out of state,,94974,,70639,,10/27/2021
374,Address pending validation,,16930,,15293,,10/27/2021
375,Fairfield,943332.0,688498,72.99,630491,66.84,11/03/2021
376,Hartford,891720.0,623318,69.9,581660,65.23,11/03/2021
377,Litchfield,180333.0,128385,71.19,120447,66.79,11/03/2021
378,Middlesex,162436.0,123660,76.13,116284,71.59,11/03/2021
379,New Haven,854757.0,592246,69.29,552128,64.59,11/03/2021
380,New London,265206.0,179823,67.81,168696,63.61,11/03/2021
381,Tolland,150721.0,96114,63.77,90764,60.22,11/03/2021
382,Windham,116782.0,68163,58.37,63897,54.71,11/03/2021
383,Resident out of state,,98948,,71480,,11/03/2021
384,Address pending validation,,16394,,14757,,11/03/2021
385,Fairfield,943332.0,695411,73.72,631975,66.99,11/10/2021
386,Hartford,891720.0,628472,70.48,582824,65.36,11/10/2021
387,Litchfield,180333.0,129477,71.8,120637,66.9,11/10/2021
388,Middlesex,162436.0,124618,76.72,116383,71.65,11/10/2021
389,New Haven,854757.0,597837,69.94,553497,64.75,11/10/2021
390,New London,265206.0,181250,68.34,169133,63.77,11/10/2021
391,Tolland,150721.0,97088,64.42,91085,60.43,11/10/2021
392,Windham,116782.0,68682,58.81,64112,54.9,11/10/2021
393,Resident out of state,,103379,,72557,,11/10/2021
394,Address pending validation,,15968,,14296,,11/10/2021
395,Fairfield,943332.0,708291,75.08,634400,67.25,11/17/2021
396,Hartford,891720.0,638756,71.63,585376,65.65,11/17/2021
397,Litchfield,180333.0,131107,72.7,121080,67.14,11/17/2021
398,Middlesex,162436.0,126110,77.64,116901,71.97,11/17/2021
399,New Haven,854757.0,606375,70.94,555968,65.04,11/17/2021
400,New London,265206.0,183905,69.34,169876,64.05,11/17/2021
401,Tolland,150721.0,98753,65.52,91587,60.77,11/17/2021
402,Windham,116782.0,69488,59.5,64405,55.15,11/17/2021
403,Resident out of state,,108094,,73553,,11/17/2021
404,Address pending validation,,15752,,13984,,11/17/2021
405,Fairfield,943332.0,719905,76.32,636056,67.43,11/24/2021
406,Hartford,891720.0,648170,72.69,587378,65.87,11/24/2021
407,Litchfield,180333.0,132608,73.54,121360,67.3,11/24/2021
408,Middlesex,162436.0,127826,78.69,117191,72.15,11/24/2021
409,New Haven,854757.0,614858,71.93,557773,65.26,11/24/2021
410,New London,265206.0,186434,70.3,170479,64.28,11/24/2021
411,Tolland,150721.0,100135,66.44,91925,60.99,11/24/2021
412,Windham,116782.0,70487,60.36,64689,55.39,11/24/2021
413,Resident out of state,,113488,,74793,,11/24/2021
414,Address pending validation,,15471,,13642,,11/24/2021
415,Fairfield,943332.0,726315,76.99,639668,67.81,12/01/2021
416,Hartford,891720.0,652664,73.19,590518,66.22,12/01/2021
417,Litchfield,180333.0,133490,74.02,122012,67.66,12/01/2021
418,Middlesex,162436.0,128781,79.28,117658,72.43,12/01/2021
419,New Haven,854757.0,618778,72.39,560991,65.63,12/01/2021
420,New London,265206.0,188014,70.89,171244,64.57,12/01/2021
421,Tolland,150721.0,100798,66.88,92330,61.26,12/01/2021
422,Windham,116782.0,71067,60.85,64944,55.61,12/01/2021
423,Resident out of state,,117261,,75775,,12/01/2021
424,Address pending validation,,15308,,13445,,12/01/2021
425,Fairfield,943332.0,732797,77.68,649304,68.83,12/08/2021
426,Hartford,891720.0,658474,73.84,598649,67.13,12/08/2021
427,Litchfield,180333.0,134553,74.61,123304,68.38,12/08/2021
428,Middlesex,162436.0,129820,79.92,118836,73.16,12/08/2021
429,New Haven,854757.0,623918,72.99,567741,66.42,12/08/2021
430,New London,265206.0,189690,71.53,173157,65.29,12/08/2021
431,Tolland,150721.0,101632,67.43,93832,62.26,12/08/2021
432,Windham,116782.0,71623,61.33,65430,56.03,12/08/2021
433,Resident out of state,,121419,,77438,,12/08/2021
434,Address pending validation,,15025,,13148,,12/08/2021
435,Fairfield,943332.0,741128,78.56,656920,69.64,12/15/2021
436,Hartford,891720.0,664464,74.51,605517,67.9,12/15/2021
437,Litchfield,180333.0,135601,75.19,124230,68.89,12/15/2021
438,Middlesex,162436.0,130801,80.52,119980,73.86,12/15/2021
439,New Haven,854757.0,629912,73.69,572867,67.02,12/15/2021
440,New London,265206.0,191356,72.15,174764,65.9,12/15/2021
441,Tolland,150721.0,102639,68.1,94620,62.78,12/15/2021
442,Windham,116782.0,72301,61.91,65952,56.47,12/15/2021
443,Resident out of state,,125753,,78437,,12/15/2021
444,Address pending validation,,14748,,12831,,12/15/2021
445,Fairfield,943332.0,748321,79.33,660825,70.05,12/22/2021
446,Hartford,891720.0,670425,75.18,609251,68.32,12/22/2021
447,Litchfield,180333.0,136564,75.73,124836,69.23,12/22/2021
448,Middlesex,162436.0,131716,81.09,120442,74.15,12/22/2021
449,New Haven,854757.0,635248,74.32,575367,67.31,12/22/2021
450,New London,265206.0,192970,72.76,175735,66.26,12/22/2021
451,Tolland,150721.0,103369,68.58,95041,63.06,12/22/2021
452,Windham,116782.0,73112,62.61,66320,56.79,12/22/2021
453,Resident out of state,,131286,,79583,,12/22/2021
454,Address pending validation,,14645,,12618,,12/22/2021
455,Fairfield,943332.0,754253,79.96,663543,70.34,12/29/2021
456,Hartford,891720.0,674930,75.69,611417,68.57,12/29/2021
457,Litchfield,180333.0,137393,76.19,125309,69.49,12/29/2021
458,Middlesex,162436.0,132723,81.71,120860,74.4,12/29/2021
459,New Haven,854757.0,639296,74.79,577584,67.57,12/29/2021
460,New London,265206.0,194383,73.3,176401,66.51,12/29/2021
461,Tolland,150721.0,103916,68.95,95277,63.21,12/29/2021
462,Windham,116782.0,73630,63.05,66552,56.99,12/29/2021
463,Resident out of state,,136480,,80585,,12/29/2021
464,Address pending validation,,14477,,12371,,12/29/2021
465,Fairfield,943332.0,763099,80.89,667770,70.79,01/05/2022
466,Hartford,891720.0,680722,76.34,614588,68.92,01/05/2022
467,Litchfield,180333.0,138325,76.71,125779,69.75,01/05/2022
468,Middlesex,162436.0,133783,82.36,121457,74.77,01/05/2022
469,New Haven,854757.0,645047,75.47,581242,68.0,01/05/2022
470,New London,265206.0,196217,73.99,177410,66.9,01/05/2022
471,Tolland,150721.0,104581,69.39,95658,63.47,01/05/2022
472,Windham,116782.0,74295,63.62,66955,57.33,01/05/2022
473,Resident out of state,,141550,,81643,,01/05/2022
474,Address pending validation,,14285,,12135,,01/05/2022
475,Fairfield,943332.0,770694,81.7,672327,71.27,01/12/2022
476,Hartford,891720.0,686445,76.98,618576,69.37,01/12/2022
477,Litchfield,180333.0,139363,77.28,126494,70.14,01/12/2022
478,Middlesex,162436.0,134581,82.85,122140,75.19,01/12/2022
479,New Haven,854757.0,650589,76.11,584700,68.41,01/12/2022
480,New London,265206.0,198068,74.68,178444,67.29,01/12/2022
481,Tolland,150721.0,105325,69.88,96097,63.76,01/12/2022
482,Windham,116782.0,75077,64.29,67444,57.75,01/12/2022
483,Resident out of state,,145711,,82731,,01/12/2022
484,Address pending validation,,14174,,11953,,01/12/2022
