,zip,status,Number,rpt_date
0,,Active,116,02/22/2022
1,,Deceased,168,02/22/2022
2,,Recovered*,12164,02/22/2022
3,73002.0,Active,1 to 4,02/22/2022
4,73002.0,Deceased,7,02/22/2022
5,73002.0,Recovered*,264,02/22/2022
6,73003.0,Active,42,02/22/2022
7,73003.0,Deceased,44,02/22/2022
8,73003.0,Recovered*,5181,02/22/2022
9,73004.0,Deceased,7,02/22/2022
10,73004.0,Recovered*,234,02/22/2022
11,73005.0,Active,43,02/22/2022
12,73005.0,Deceased,51,02/22/2022
13,73005.0,Recovered*,2910,02/22/2022
14,73006.0,Active,14,02/22/2022
15,73006.0,Deceased,11,02/22/2022
16,73006.0,Recovered*,1015,02/22/2022
17,73007.0,Active,17,02/22/2022
18,73007.0,Deceased,1 to 4,02/22/2022
19,73007.0,Recovered*,739,02/22/2022
20,73008.0,Active,46,02/22/2022
21,73008.0,Deceased,65,02/22/2022
22,73008.0,Recovered*,4594,02/22/2022
23,73009.0,Active,1 to 4,02/22/2022
24,73009.0,Deceased,15,02/22/2022
25,73009.0,Recovered*,384,02/22/2022
26,73010.0,Active,32,02/22/2022
27,73010.0,Deceased,60,02/22/2022
28,73010.0,Recovered*,5472,02/22/2022
29,73011.0,Active,1 to 4,02/22/2022
30,73011.0,Deceased,1 to 4,02/22/2022
31,73011.0,Recovered*,78,02/22/2022
32,73012.0,Active,85,02/22/2022
33,73012.0,Deceased,58,02/22/2022
34,73012.0,Recovered*,9424,02/22/2022
35,73013.0,Active,113,02/22/2022
36,73013.0,Deceased,120,02/22/2022
37,73013.0,Recovered*,12923,02/22/2022
38,73014.0,Active,1 to 4,02/22/2022
39,73014.0,Deceased,1 to 4,02/22/2022
40,73014.0,Recovered*,366,02/22/2022
41,73015.0,Active,10,02/22/2022
42,73015.0,Deceased,34,02/22/2022
43,73015.0,Recovered*,863,02/22/2022
44,73016.0,Active,1 to 4,02/22/2022
45,73016.0,Deceased,1 to 4,02/22/2022
46,73016.0,Recovered*,504,02/22/2022
47,73017.0,Active,1 to 4,02/22/2022
48,73017.0,Deceased,1 to 4,02/22/2022
49,73017.0,Recovered*,441,02/22/2022
50,73018.0,Active,46,02/22/2022
51,73018.0,Deceased,117,02/22/2022
52,73018.0,Recovered*,4874,02/22/2022
53,73019.0,Active,1 to 4,02/22/2022
54,73019.0,Recovered*,69,02/22/2022
55,73020.0,Active,44,02/22/2022
56,73020.0,Deceased,69,02/22/2022
57,73020.0,Recovered*,5446,02/22/2022
58,73021.0,Deceased,1 to 4,02/22/2022
59,73021.0,Recovered*,75,02/22/2022
60,73024.0,Active,1 to 4,02/22/2022
61,73024.0,Deceased,6,02/22/2022
62,73024.0,Recovered*,144,02/22/2022
63,73025.0,Active,20,02/22/2022
64,73025.0,Deceased,23,02/22/2022
65,73025.0,Recovered*,3575,02/22/2022
66,73026.0,Active,19,02/22/2022
67,73026.0,Deceased,24,02/22/2022
68,73026.0,Recovered*,2821,02/22/2022
69,73027.0,Active,1 to 4,02/22/2022
70,73027.0,Recovered*,219,02/22/2022
71,73028.0,Active,1 to 4,02/22/2022
72,73028.0,Deceased,10,02/22/2022
73,73028.0,Recovered*,646,02/22/2022
74,73029.0,Active,5,02/22/2022
75,73029.0,Deceased,6,02/22/2022
76,73029.0,Recovered*,395,02/22/2022
77,73030.0,Active,15,02/22/2022
78,73030.0,Deceased,21,02/22/2022
79,73030.0,Recovered*,1457,02/22/2022
80,73032.0,Recovered*,60,02/22/2022
81,73033.0,Active,1 to 4,02/22/2022
82,73033.0,Deceased,1 to 4,02/22/2022
83,73033.0,Recovered*,95,02/22/2022
84,73034.0,Active,93,02/22/2022
85,73034.0,Deceased,86,02/22/2022
86,73034.0,Recovered*,10719,02/22/2022
87,73036.0,Active,35,02/22/2022
88,73036.0,Deceased,69,02/22/2022
89,73036.0,Recovered*,5123,02/22/2022
90,73038.0,Active,1 to 4,02/22/2022
91,73038.0,Deceased,7,02/22/2022
92,73038.0,Recovered*,481,02/22/2022
93,73040.0,Active,7,02/22/2022
94,73040.0,Deceased,9,02/22/2022
95,73040.0,Recovered*,390,02/22/2022
96,73041.0,Deceased,1 to 4,02/22/2022
97,73041.0,Recovered*,70,02/22/2022
98,73042.0,Active,1 to 4,02/22/2022
99,73042.0,Deceased,7,02/22/2022
100,73042.0,Recovered*,282,02/22/2022
101,73043.0,Deceased,1 to 4,02/22/2022
102,73043.0,Recovered*,36,02/22/2022
103,73044.0,Active,64,02/22/2022
104,73044.0,Deceased,102,02/22/2022
105,73044.0,Recovered*,5729,02/22/2022
106,73045.0,Active,38,02/22/2022
107,73045.0,Deceased,38,02/22/2022
108,73045.0,Recovered*,3112,02/22/2022
109,73047.0,Active,1 to 4,02/22/2022
110,73047.0,Deceased,7,02/22/2022
111,73047.0,Recovered*,875,02/22/2022
112,73048.0,Active,7,02/22/2022
113,73048.0,Deceased,12,02/22/2022
114,73048.0,Recovered*,479,02/22/2022
115,73049.0,Active,11,02/22/2022
116,73049.0,Deceased,26,02/22/2022
117,73049.0,Recovered*,1409,02/22/2022
118,73050.0,Active,1 to 4,02/22/2022
119,73050.0,Deceased,1 to 4,02/22/2022
120,73050.0,Recovered*,113,02/22/2022
121,73051.0,Active,35,02/22/2022
122,73051.0,Deceased,38,02/22/2022
123,73051.0,Recovered*,2390,02/22/2022
124,73052.0,Active,14,02/22/2022
125,73052.0,Deceased,30,02/22/2022
126,73052.0,Recovered*,1592,02/22/2022
127,73053.0,Deceased,5,02/22/2022
128,73053.0,Recovered*,177,02/22/2022
129,73054.0,Active,8,02/22/2022
130,73054.0,Deceased,12,02/22/2022
131,73054.0,Recovered*,886,02/22/2022
132,73055.0,Active,16,02/22/2022
133,73055.0,Deceased,40,02/22/2022
134,73055.0,Recovered*,2104,02/22/2022
135,73056.0,Active,1 to 4,02/22/2022
136,73056.0,Deceased,1 to 4,02/22/2022
137,73056.0,Recovered*,87,02/22/2022
138,73057.0,Active,1 to 4,02/22/2022
139,73057.0,Deceased,11,02/22/2022
140,73057.0,Recovered*,482,02/22/2022
141,73058.0,Active,1 to 4,02/22/2022
142,73058.0,Deceased,1 to 4,02/22/2022
143,73058.0,Recovered*,65,02/22/2022
144,73059.0,Active,6,02/22/2022
145,73059.0,Deceased,9,02/22/2022
146,73059.0,Recovered*,707,02/22/2022
147,73061.0,Active,1 to 4,02/22/2022
148,73061.0,Deceased,1 to 4,02/22/2022
149,73061.0,Recovered*,399,02/22/2022
150,73062.0,Active,1 to 4,02/22/2022
151,73062.0,Deceased,5,02/22/2022
152,73062.0,Recovered*,239,02/22/2022
153,73063.0,Active,1 to 4,02/22/2022
154,73063.0,Recovered*,193,02/22/2022
155,73064.0,Active,41,02/22/2022
156,73064.0,Deceased,82,02/22/2022
157,73064.0,Recovered*,6068,02/22/2022
158,73065.0,Active,22,02/22/2022
159,73065.0,Deceased,20,02/22/2022
160,73065.0,Recovered*,2886,02/22/2022
161,73066.0,Active,1 to 4,02/22/2022
162,73066.0,Deceased,1 to 4,02/22/2022
163,73066.0,Recovered*,83,02/22/2022
164,73067.0,Active,1 to 4,02/22/2022
165,73067.0,Deceased,9,02/22/2022
166,73067.0,Recovered*,401,02/22/2022
167,73068.0,Active,33,02/22/2022
168,73068.0,Deceased,44,02/22/2022
169,73068.0,Recovered*,3402,02/22/2022
170,73069.0,Active,85,02/22/2022
171,73069.0,Deceased,61,02/22/2022
172,73069.0,Recovered*,7202,02/22/2022
173,73071.0,Active,113,02/22/2022
174,73071.0,Deceased,102,02/22/2022
175,73071.0,Recovered*,11556,02/22/2022
176,73072.0,Active,140,02/22/2022
177,73072.0,Deceased,108,02/22/2022
178,73072.0,Recovered*,12229,02/22/2022
179,73073.0,Active,1 to 4,02/22/2022
180,73073.0,Deceased,1 to 4,02/22/2022
181,73073.0,Recovered*,155,02/22/2022
182,73074.0,Active,1 to 4,02/22/2022
183,73074.0,Deceased,1 to 4,02/22/2022
184,73074.0,Recovered*,383,02/22/2022
185,73075.0,Active,20,02/22/2022
186,73075.0,Deceased,48,02/22/2022
187,73075.0,Recovered*,2289,02/22/2022
188,73077.0,Active,17,02/22/2022
189,73077.0,Deceased,23,02/22/2022
190,73077.0,Recovered*,1663,02/22/2022
191,73078.0,Active,14,02/22/2022
192,73078.0,Deceased,14,02/22/2022
193,73078.0,Recovered*,3106,02/22/2022
194,73079.0,Deceased,1 to 4,02/22/2022
195,73079.0,Recovered*,132,02/22/2022
196,73080.0,Active,24,02/22/2022
197,73080.0,Deceased,39,02/22/2022
198,73080.0,Recovered*,2853,02/22/2022
199,73082.0,Active,1 to 4,02/22/2022
200,73082.0,Deceased,8,02/22/2022
201,73082.0,Recovered*,609,02/22/2022
202,73084.0,Active,12,02/22/2022
203,73084.0,Deceased,28,02/22/2022
204,73084.0,Recovered*,1353,02/22/2022
205,73086.0,Active,22,02/22/2022
206,73086.0,Deceased,44,02/22/2022
207,73086.0,Recovered*,2457,02/22/2022
208,73089.0,Active,22,02/22/2022
209,73089.0,Deceased,42,02/22/2022
210,73089.0,Recovered*,3459,02/22/2022
211,73090.0,Active,1 to 4,02/22/2022
212,73090.0,Deceased,1 to 4,02/22/2022
213,73090.0,Recovered*,249,02/22/2022
214,73092.0,Active,1 to 4,02/22/2022
215,73092.0,Deceased,1 to 4,02/22/2022
216,73092.0,Recovered*,200,02/22/2022
217,73093.0,Active,10,02/22/2022
218,73093.0,Deceased,8,02/22/2022
219,73093.0,Recovered*,914,02/22/2022
220,73095.0,Active,1 to 4,02/22/2022
221,73095.0,Deceased,7,02/22/2022
222,73095.0,Recovered*,522,02/22/2022
223,73096.0,Active,27,02/22/2022
224,73096.0,Deceased,51,02/22/2022
225,73096.0,Recovered*,3452,02/22/2022
226,73097.0,Deceased,1 to 4,02/22/2022
227,73097.0,Recovered*,62,02/22/2022
228,73098.0,Active,11,02/22/2022
229,73098.0,Deceased,19,02/22/2022
230,73098.0,Recovered*,1001,02/22/2022
231,73099.0,Active,158,02/22/2022
232,73099.0,Deceased,171,02/22/2022
233,73099.0,Recovered*,20702,02/22/2022
234,73102.0,Active,8,02/22/2022
235,73102.0,Deceased,9,02/22/2022
236,73102.0,Recovered*,1365,02/22/2022
237,73103.0,Active,14,02/22/2022
238,73103.0,Deceased,7,02/22/2022
239,73103.0,Recovered*,1219,02/22/2022
240,73104.0,Active,9,02/22/2022
241,73104.0,Deceased,6,02/22/2022
242,73104.0,Recovered*,945,02/22/2022
243,73105.0,Active,11,02/22/2022
244,73105.0,Deceased,18,02/22/2022
245,73105.0,Recovered*,1378,02/22/2022
246,73106.0,Active,30,02/22/2022
247,73106.0,Deceased,15,02/22/2022
248,73106.0,Recovered*,2630,02/22/2022
249,73107.0,Active,48,02/22/2022
250,73107.0,Deceased,66,02/22/2022
251,73107.0,Recovered*,5560,02/22/2022
252,73108.0,Active,18,02/22/2022
253,73108.0,Deceased,52,02/22/2022
254,73108.0,Recovered*,3324,02/22/2022
255,73109.0,Active,24,02/22/2022
256,73109.0,Deceased,66,02/22/2022
257,73109.0,Recovered*,5025,02/22/2022
258,73110.0,Active,73,02/22/2022
259,73110.0,Deceased,108,02/22/2022
260,73110.0,Recovered*,7280,02/22/2022
261,73111.0,Active,32,02/22/2022
262,73111.0,Deceased,70,02/22/2022
263,73111.0,Recovered*,2941,02/22/2022
264,73112.0,Active,50,02/22/2022
265,73112.0,Deceased,95,02/22/2022
266,73112.0,Recovered*,7026,02/22/2022
267,73114.0,Active,32,02/22/2022
268,73114.0,Deceased,43,02/22/2022
269,73114.0,Recovered*,4371,02/22/2022
270,73115.0,Active,49,02/22/2022
271,73115.0,Deceased,78,02/22/2022
272,73115.0,Recovered*,4721,02/22/2022
273,73116.0,Active,18,02/22/2022
274,73116.0,Deceased,48,02/22/2022
275,73116.0,Recovered*,2220,02/22/2022
276,73117.0,Active,19,02/22/2022
277,73117.0,Deceased,20,02/22/2022
278,73117.0,Recovered*,1345,02/22/2022
279,73118.0,Active,33,02/22/2022
280,73118.0,Deceased,29,02/22/2022
281,73118.0,Recovered*,2877,02/22/2022
282,73119.0,Active,44,02/22/2022
283,73119.0,Deceased,127,02/22/2022
284,73119.0,Recovered*,7459,02/22/2022
285,73120.0,Active,75,02/22/2022
286,73120.0,Deceased,87,02/22/2022
287,73120.0,Recovered*,8021,02/22/2022
288,73121.0,Active,7,02/22/2022
289,73121.0,Deceased,14,02/22/2022
290,73121.0,Recovered*,701,02/22/2022
291,73122.0,Active,20,02/22/2022
292,73122.0,Deceased,38,02/22/2022
293,73122.0,Recovered*,2864,02/22/2022
294,73127.0,Active,69,02/22/2022
295,73127.0,Deceased,59,02/22/2022
296,73127.0,Recovered*,5392,02/22/2022
297,73128.0,Active,26,02/22/2022
298,73128.0,Deceased,9,02/22/2022
299,73128.0,Recovered*,1444,02/22/2022
300,73129.0,Active,26,02/22/2022
301,73129.0,Deceased,58,02/22/2022
302,73129.0,Recovered*,4677,02/22/2022
303,73130.0,Active,50,02/22/2022
304,73130.0,Deceased,69,02/22/2022
305,73130.0,Recovered*,4937,02/22/2022
306,73131.0,Active,5,02/22/2022
307,73131.0,Deceased,6,02/22/2022
308,73131.0,Recovered*,927,02/22/2022
309,73132.0,Active,66,02/22/2022
310,73132.0,Deceased,82,02/22/2022
311,73132.0,Recovered*,6438,02/22/2022
312,73134.0,Active,13,02/22/2022
313,73134.0,Deceased,11,02/22/2022
314,73134.0,Recovered*,1686,02/22/2022
315,73135.0,Active,45,02/22/2022
316,73135.0,Deceased,63,02/22/2022
317,73135.0,Recovered*,5287,02/22/2022
318,73139.0,Active,32,02/22/2022
319,73139.0,Deceased,70,02/22/2022
320,73139.0,Recovered*,4633,02/22/2022
321,73141.0,Active,6,02/22/2022
322,73141.0,Deceased,9,02/22/2022
323,73141.0,Recovered*,533,02/22/2022
324,73142.0,Active,38,02/22/2022
325,73142.0,Deceased,45,02/22/2022
326,73142.0,Recovered*,3980,02/22/2022
327,73145.0,Active,1 to 4,02/22/2022
328,73145.0,Deceased,1 to 4,02/22/2022
329,73145.0,Recovered*,589,02/22/2022
330,73149.0,Active,7,02/22/2022
331,73149.0,Deceased,18,02/22/2022
332,73149.0,Recovered*,1266,02/22/2022
333,73150.0,Active,9,02/22/2022
334,73150.0,Deceased,14,02/22/2022
335,73150.0,Recovered*,1167,02/22/2022
336,73151.0,Active,6,02/22/2022
337,73151.0,Deceased,1 to 4,02/22/2022
338,73151.0,Recovered*,449,02/22/2022
339,73159.0,Active,61,02/22/2022
340,73159.0,Deceased,84,02/22/2022
341,73159.0,Recovered*,8122,02/22/2022
342,73160.0,Active,145,02/22/2022
343,73160.0,Deceased,129,02/22/2022
344,73160.0,Recovered*,16751,02/22/2022
345,73162.0,Active,78,02/22/2022
346,73162.0,Deceased,100,02/22/2022
347,73162.0,Recovered*,6763,02/22/2022
348,73165.0,Active,16,02/22/2022
349,73165.0,Deceased,19,02/22/2022
350,73165.0,Recovered*,1974,02/22/2022
351,73169.0,Active,6,02/22/2022
352,73169.0,Deceased,1 to 4,02/22/2022
353,73169.0,Recovered*,1414,02/22/2022
354,73170.0,Active,96,02/22/2022
355,73170.0,Deceased,152,02/22/2022
356,73170.0,Recovered*,11063,02/22/2022
357,73173.0,Active,6,02/22/2022
358,73173.0,Deceased,6,02/22/2022
359,73173.0,Recovered*,1234,02/22/2022
360,73179.0,Active,7,02/22/2022
361,73179.0,Deceased,9,02/22/2022
362,73179.0,Recovered*,2046,02/22/2022
363,73401.0,Active,90,02/22/2022
364,73401.0,Deceased,143,02/22/2022
365,73401.0,Recovered*,9918,02/22/2022
366,73425.0,Recovered*,7,02/22/2022
367,73430.0,Active,7,02/22/2022
368,73430.0,Deceased,1 to 4,02/22/2022
369,73430.0,Recovered*,310,02/22/2022
370,73432.0,Active,1 to 4,02/22/2022
371,73432.0,Deceased,1 to 4,02/22/2022
372,73432.0,Recovered*,261,02/22/2022
373,73433.0,Active,7,02/22/2022
374,73433.0,Deceased,10,02/22/2022
375,73433.0,Recovered*,627,02/22/2022
376,73434.0,Active,1 to 4,02/22/2022
377,73434.0,Recovered*,119,02/22/2022
378,73437.0,Deceased,1 to 4,02/22/2022
379,73437.0,Recovered*,39,02/22/2022
380,73438.0,Active,11,02/22/2022
381,73438.0,Deceased,23,02/22/2022
382,73438.0,Recovered*,685,02/22/2022
383,73439.0,Active,22,02/22/2022
384,73439.0,Deceased,20,02/22/2022
385,73439.0,Recovered*,1951,02/22/2022
386,73440.0,Deceased,1 to 4,02/22/2022
387,73440.0,Recovered*,62,02/22/2022
388,73441.0,Recovered*,53,02/22/2022
389,73442.0,Active,1 to 4,02/22/2022
390,73442.0,Deceased,1 to 4,02/22/2022
391,73442.0,Recovered*,98,02/22/2022
392,73443.0,Active,9,02/22/2022
393,73443.0,Deceased,15,02/22/2022
394,73443.0,Recovered*,994,02/22/2022
395,73444.0,Deceased,1 to 4,02/22/2022
396,73444.0,Recovered*,46,02/22/2022
397,73446.0,Active,12,02/22/2022
398,73446.0,Deceased,17,02/22/2022
399,73446.0,Recovered*,2325,02/22/2022
400,73447.0,Active,1 to 4,02/22/2022
401,73447.0,Deceased,5,02/22/2022
402,73447.0,Recovered*,309,02/22/2022
403,73448.0,Active,6,02/22/2022
404,73448.0,Deceased,29,02/22/2022
405,73448.0,Recovered*,1956,02/22/2022
406,73449.0,Active,5,02/22/2022
407,73449.0,Deceased,7,02/22/2022
408,73449.0,Recovered*,823,02/22/2022
409,73450.0,Active,5,02/22/2022
410,73450.0,Deceased,1 to 4,02/22/2022
411,73450.0,Recovered*,353,02/22/2022
412,73453.0,Deceased,1 to 4,02/22/2022
413,73453.0,Recovered*,175,02/22/2022
414,73455.0,Active,1 to 4,02/22/2022
415,73455.0,Deceased,1 to 4,02/22/2022
416,73455.0,Recovered*,174,02/22/2022
417,73456.0,Active,1 to 4,02/22/2022
418,73456.0,Deceased,1 to 4,02/22/2022
419,73456.0,Recovered*,468,02/22/2022
420,73458.0,Active,1 to 4,02/22/2022
421,73458.0,Deceased,1 to 4,02/22/2022
422,73458.0,Recovered*,217,02/22/2022
423,73459.0,Active,7,02/22/2022
424,73459.0,Deceased,1 to 4,02/22/2022
425,73459.0,Recovered*,358,02/22/2022
426,73460.0,Active,17,02/22/2022
427,73460.0,Deceased,28,02/22/2022
428,73460.0,Recovered*,1313,02/22/2022
429,73461.0,Deceased,1 to 4,02/22/2022
430,73461.0,Recovered*,151,02/22/2022
431,73463.0,Active,11,02/22/2022
432,73463.0,Deceased,20,02/22/2022
433,73463.0,Recovered*,813,02/22/2022
434,73481.0,Active,1 to 4,02/22/2022
435,73481.0,Deceased,1 to 4,02/22/2022
436,73481.0,Recovered*,194,02/22/2022
437,73487.0,Active,1 to 4,02/22/2022
438,73487.0,Recovered*,22,02/22/2022
439,73491.0,Deceased,1 to 4,02/22/2022
440,73491.0,Recovered*,168,02/22/2022
441,73501.0,Active,64,02/22/2022
442,73501.0,Deceased,72,02/22/2022
443,73501.0,Recovered*,3939,02/22/2022
444,73503.0,Active,6,02/22/2022
445,73503.0,Deceased,1 to 4,02/22/2022
446,73503.0,Recovered*,4956,02/22/2022
447,73505.0,Active,77,02/22/2022
448,73505.0,Deceased,165,02/22/2022
449,73505.0,Recovered*,10925,02/22/2022
450,73507.0,Active,44,02/22/2022
451,73507.0,Deceased,55,02/22/2022
452,73507.0,Recovered*,4728,02/22/2022
453,73520.0,Deceased,1 to 4,02/22/2022
454,73520.0,Recovered*,13,02/22/2022
455,73521.0,Active,63,02/22/2022
456,73521.0,Deceased,84,02/22/2022
457,73521.0,Recovered*,5131,02/22/2022
458,73526.0,Active,1 to 4,02/22/2022
459,73526.0,Deceased,6,02/22/2022
460,73526.0,Recovered*,534,02/22/2022
461,73527.0,Active,12,02/22/2022
462,73527.0,Deceased,15,02/22/2022
463,73527.0,Recovered*,1458,02/22/2022
464,73528.0,Deceased,1 to 4,02/22/2022
465,73528.0,Recovered*,181,02/22/2022
466,73529.0,Active,11,02/22/2022
467,73529.0,Deceased,26,02/22/2022
468,73529.0,Recovered*,1113,02/22/2022
469,73530.0,Recovered*,56,02/22/2022
470,73531.0,Active,1 to 4,02/22/2022
471,73531.0,Recovered*,68,02/22/2022
472,73532.0,Active,1 to 4,02/22/2022
473,73532.0,Recovered*,143,02/22/2022
474,73533.0,Active,68,02/22/2022
475,73533.0,Deceased,112,02/22/2022
476,73533.0,Recovered*,6642,02/22/2022
477,73537.0,Active,1 to 4,02/22/2022
478,73537.0,Deceased,1 to 4,02/22/2022
479,73537.0,Recovered*,90,02/22/2022
480,73538.0,Active,10,02/22/2022
481,73538.0,Deceased,18,02/22/2022
482,73538.0,Recovered*,1790,02/22/2022
483,73539.0,Recovered*,43,02/22/2022
484,73540.0,Active,1 to 4,02/22/2022
485,73540.0,Recovered*,99,02/22/2022
486,73541.0,Active,5,02/22/2022
487,73541.0,Deceased,7,02/22/2022
488,73541.0,Recovered*,744,02/22/2022
489,73542.0,Active,1 to 4,02/22/2022
490,73542.0,Deceased,22,02/22/2022
491,73542.0,Recovered*,878,02/22/2022
492,73543.0,Active,1 to 4,02/22/2022
493,73543.0,Deceased,5,02/22/2022
494,73543.0,Recovered*,426,02/22/2022
495,73544.0,Deceased,1 to 4,02/22/2022
496,73544.0,Recovered*,44,02/22/2022
497,73546.0,Active,1 to 4,02/22/2022
498,73546.0,Deceased,1 to 4,02/22/2022
499,73546.0,Recovered*,210,02/22/2022
500,73547.0,Active,1 to 4,02/22/2022
501,73547.0,Deceased,8,02/22/2022
502,73547.0,Recovered*,287,02/22/2022
503,73548.0,Deceased,1 to 4,02/22/2022
504,73548.0,Recovered*,96,02/22/2022
505,73549.0,Active,1 to 4,02/22/2022
506,73549.0,Deceased,1 to 4,02/22/2022
507,73549.0,Recovered*,72,02/22/2022
508,73550.0,Deceased,9,02/22/2022
509,73550.0,Recovered*,456,02/22/2022
510,73551.0,Deceased,1 to 4,02/22/2022
511,73551.0,Recovered*,1 to 4,02/22/2022
512,73552.0,Active,1 to 4,02/22/2022
513,73552.0,Deceased,6,02/22/2022
514,73552.0,Recovered*,336,02/22/2022
515,73553.0,Recovered*,10,02/22/2022
516,73554.0,Active,11,02/22/2022
517,73554.0,Deceased,19,02/22/2022
518,73554.0,Recovered*,837,02/22/2022
519,73555.0,Recovered*,35,02/22/2022
520,73556.0,Active,1 to 4,02/22/2022
521,73556.0,Deceased,1 to 4,02/22/2022
522,73556.0,Recovered*,49,02/22/2022
523,73557.0,Active,5,02/22/2022
524,73557.0,Deceased,1 to 4,02/22/2022
525,73557.0,Recovered*,54,02/22/2022
526,73559.0,Active,1 to 4,02/22/2022
527,73559.0,Deceased,1 to 4,02/22/2022
528,73559.0,Recovered*,97,02/22/2022
529,73560.0,Active,1 to 4,02/22/2022
530,73560.0,Recovered*,181,02/22/2022
531,73562.0,Active,1 to 4,02/22/2022
532,73562.0,Deceased,1 to 4,02/22/2022
533,73562.0,Recovered*,125,02/22/2022
534,73564.0,Active,1 to 4,02/22/2022
535,73564.0,Deceased,1 to 4,02/22/2022
536,73564.0,Recovered*,112,02/22/2022
537,73565.0,Active,1 to 4,02/22/2022
538,73565.0,Deceased,1 to 4,02/22/2022
539,73565.0,Recovered*,195,02/22/2022
540,73566.0,Active,1 to 4,02/22/2022
541,73566.0,Deceased,17,02/22/2022
542,73566.0,Recovered*,370,02/22/2022
543,73567.0,Active,1 to 4,02/22/2022
544,73567.0,Deceased,1 to 4,02/22/2022
545,73567.0,Recovered*,171,02/22/2022
546,73568.0,Active,1 to 4,02/22/2022
547,73568.0,Deceased,10,02/22/2022
548,73568.0,Recovered*,326,02/22/2022
549,73569.0,Active,1 to 4,02/22/2022
550,73569.0,Deceased,1 to 4,02/22/2022
551,73569.0,Recovered*,88,02/22/2022
552,73570.0,Active,1 to 4,02/22/2022
553,73570.0,Deceased,6,02/22/2022
554,73570.0,Recovered*,248,02/22/2022
555,73571.0,Active,1 to 4,02/22/2022
556,73571.0,Recovered*,6,02/22/2022
557,73572.0,Active,5,02/22/2022
558,73572.0,Deceased,13,02/22/2022
559,73572.0,Recovered*,846,02/22/2022
560,73573.0,Active,6,02/22/2022
561,73573.0,Deceased,12,02/22/2022
562,73573.0,Recovered*,498,02/22/2022
563,73601.0,Active,34,02/22/2022
564,73601.0,Deceased,86,02/22/2022
565,73601.0,Recovered*,3071,02/22/2022
566,73620.0,Deceased,5,02/22/2022
567,73620.0,Recovered*,284,02/22/2022
568,73622.0,Active,1 to 4,02/22/2022
569,73622.0,Deceased,1 to 4,02/22/2022
570,73622.0,Recovered*,65,02/22/2022
571,73624.0,Active,1 to 4,02/22/2022
572,73624.0,Deceased,5,02/22/2022
573,73624.0,Recovered*,338,02/22/2022
574,73625.0,Active,1 to 4,02/22/2022
575,73625.0,Recovered*,88,02/22/2022
576,73626.0,Active,1 to 4,02/22/2022
577,73626.0,Deceased,1 to 4,02/22/2022
578,73626.0,Recovered*,279,02/22/2022
579,73627.0,Deceased,1 to 4,02/22/2022
580,73627.0,Recovered*,114,02/22/2022
581,73628.0,Active,1 to 4,02/22/2022
582,73628.0,Deceased,5,02/22/2022
583,73628.0,Recovered*,411,02/22/2022
584,73632.0,Active,8,02/22/2022
585,73632.0,Deceased,16,02/22/2022
586,73632.0,Recovered*,857,02/22/2022
587,73638.0,Recovered*,34,02/22/2022
588,73639.0,Deceased,6,02/22/2022
589,73639.0,Recovered*,150,02/22/2022
590,73641.0,Active,1 to 4,02/22/2022
591,73641.0,Deceased,5,02/22/2022
592,73641.0,Recovered*,136,02/22/2022
593,73642.0,Deceased,1 to 4,02/22/2022
594,73642.0,Recovered*,26,02/22/2022
595,73644.0,Active,29,02/22/2022
596,73644.0,Deceased,56,02/22/2022
597,73644.0,Recovered*,3473,02/22/2022
598,73645.0,Active,1 to 4,02/22/2022
599,73645.0,Deceased,1 to 4,02/22/2022
600,73645.0,Recovered*,293,02/22/2022
601,73646.0,Deceased,1 to 4,02/22/2022
602,73646.0,Recovered*,83,02/22/2022
603,73647.0,Active,5,02/22/2022
604,73647.0,Deceased,1 to 4,02/22/2022
605,73647.0,Recovered*,243,02/22/2022
606,73650.0,Deceased,1 to 4,02/22/2022
607,73650.0,Recovered*,247,02/22/2022
608,73651.0,Active,8,02/22/2022
609,73651.0,Deceased,22,02/22/2022
610,73651.0,Recovered*,885,02/22/2022
611,73654.0,Active,1 to 4,02/22/2022
612,73654.0,Deceased,8,02/22/2022
613,73654.0,Recovered*,194,02/22/2022
614,73655.0,Recovered*,132,02/22/2022
615,73658.0,Active,1 to 4,02/22/2022
616,73658.0,Deceased,1 to 4,02/22/2022
617,73658.0,Recovered*,51,02/22/2022
618,73659.0,Deceased,1 to 4,02/22/2022
619,73659.0,Recovered*,16,02/22/2022
620,73660.0,Deceased,1 to 4,02/22/2022
621,73660.0,Recovered*,123,02/22/2022
622,73661.0,Active,1 to 4,02/22/2022
623,73661.0,Recovered*,105,02/22/2022
624,73662.0,Active,12,02/22/2022
625,73662.0,Deceased,27,02/22/2022
626,73662.0,Recovered*,1450,02/22/2022
627,73663.0,Active,1 to 4,02/22/2022
628,73663.0,Deceased,11,02/22/2022
629,73663.0,Recovered*,317,02/22/2022
630,73664.0,Active,1 to 4,02/22/2022
631,73664.0,Deceased,1 to 4,02/22/2022
632,73664.0,Recovered*,266,02/22/2022
633,73666.0,Deceased,1 to 4,02/22/2022
634,73666.0,Recovered*,65,02/22/2022
635,73667.0,Deceased,1 to 4,02/22/2022
636,73667.0,Recovered*,92,02/22/2022
637,73669.0,Active,8,02/22/2022
638,73669.0,Deceased,8,02/22/2022
639,73669.0,Recovered*,351,02/22/2022
640,73673.0,Recovered*,66,02/22/2022
641,73701.0,Active,66,02/22/2022
642,73701.0,Deceased,123,02/22/2022
643,73701.0,Recovered*,5723,02/22/2022
644,73703.0,Active,72,02/22/2022
645,73703.0,Deceased,112,02/22/2022
646,73703.0,Recovered*,7025,02/22/2022
647,73705.0,Recovered*,50,02/22/2022
648,73716.0,Active,1 to 4,02/22/2022
649,73716.0,Deceased,1 to 4,02/22/2022
650,73716.0,Recovered*,117,02/22/2022
651,73717.0,Active,28,02/22/2022
652,73717.0,Deceased,29,02/22/2022
653,73717.0,Recovered*,1873,02/22/2022
654,73718.0,Active,1 to 4,02/22/2022
655,73718.0,Recovered*,114,02/22/2022
656,73719.0,Recovered*,30,02/22/2022
657,73720.0,Active,1 to 4,02/22/2022
658,73720.0,Recovered*,41,02/22/2022
659,73722.0,Active,1 to 4,02/22/2022
660,73722.0,Deceased,1 to 4,02/22/2022
661,73722.0,Recovered*,62,02/22/2022
662,73724.0,Active,1 to 4,02/22/2022
663,73724.0,Deceased,1 to 4,02/22/2022
664,73724.0,Recovered*,324,02/22/2022
665,73726.0,Active,1 to 4,02/22/2022
666,73726.0,Deceased,1 to 4,02/22/2022
667,73726.0,Recovered*,90,02/22/2022
668,73727.0,Recovered*,48,02/22/2022
669,73728.0,Active,1 to 4,02/22/2022
670,73728.0,Deceased,1 to 4,02/22/2022
671,73728.0,Recovered*,435,02/22/2022
672,73729.0,Deceased,1 to 4,02/22/2022
673,73729.0,Recovered*,155,02/22/2022
674,73730.0,Deceased,1 to 4,02/22/2022
675,73730.0,Recovered*,127,02/22/2022
676,73731.0,Recovered*,46,02/22/2022
677,73733.0,Active,1 to 4,02/22/2022
678,73733.0,Deceased,1 to 4,02/22/2022
679,73733.0,Recovered*,44,02/22/2022
680,73734.0,Deceased,1 to 4,02/22/2022
681,73734.0,Recovered*,190,02/22/2022
682,73735.0,Deceased,1 to 4,02/22/2022
683,73735.0,Recovered*,152,02/22/2022
684,73736.0,Deceased,1 to 4,02/22/2022
685,73736.0,Recovered*,90,02/22/2022
686,73737.0,Active,1 to 4,02/22/2022
687,73737.0,Deceased,24,02/22/2022
688,73737.0,Recovered*,998,02/22/2022
689,73738.0,Active,9,02/22/2022
690,73738.0,Deceased,1 to 4,02/22/2022
691,73738.0,Recovered*,251,02/22/2022
692,73739.0,Deceased,1 to 4,02/22/2022
693,73739.0,Recovered*,78,02/22/2022
694,73741.0,Active,1 to 4,02/22/2022
695,73741.0,Deceased,1 to 4,02/22/2022
696,73741.0,Recovered*,799,02/22/2022
697,73742.0,Active,28,02/22/2022
698,73742.0,Deceased,18,02/22/2022
699,73742.0,Recovered*,1137,02/22/2022
700,73743.0,Active,1 to 4,02/22/2022
701,73743.0,Recovered*,37,02/22/2022
702,73744.0,Recovered*,54,02/22/2022
703,73746.0,Active,1 to 4,02/22/2022
704,73746.0,Recovered*,6,02/22/2022
705,73747.0,Recovered*,77,02/22/2022
706,73749.0,Active,1 to 4,02/22/2022
707,73749.0,Deceased,1 to 4,02/22/2022
708,73749.0,Recovered*,91,02/22/2022
709,73750.0,Active,10,02/22/2022
710,73750.0,Deceased,28,02/22/2022
711,73750.0,Recovered*,1715,02/22/2022
712,73753.0,Recovered*,100,02/22/2022
713,73754.0,Active,1 to 4,02/22/2022
714,73754.0,Deceased,8,02/22/2022
715,73754.0,Recovered*,242,02/22/2022
716,73755.0,Active,1 to 4,02/22/2022
717,73755.0,Deceased,1 to 4,02/22/2022
718,73755.0,Recovered*,161,02/22/2022
719,73756.0,Active,1 to 4,02/22/2022
720,73756.0,Deceased,1 to 4,02/22/2022
721,73756.0,Recovered*,81,02/22/2022
722,73757.0,Recovered*,30,02/22/2022
723,73758.0,Active,1 to 4,02/22/2022
724,73758.0,Recovered*,29,02/22/2022
725,73759.0,Active,1 to 4,02/22/2022
726,73759.0,Deceased,1 to 4,02/22/2022
727,73759.0,Recovered*,330,02/22/2022
728,73760.0,Active,1 to 4,02/22/2022
729,73760.0,Deceased,1 to 4,02/22/2022
730,73760.0,Recovered*,102,02/22/2022
731,73761.0,Deceased,1 to 4,02/22/2022
732,73761.0,Recovered*,93,02/22/2022
733,73762.0,Active,1 to 4,02/22/2022
734,73762.0,Deceased,7,02/22/2022
735,73762.0,Recovered*,529,02/22/2022
736,73763.0,Active,1 to 4,02/22/2022
737,73763.0,Deceased,1 to 4,02/22/2022
738,73763.0,Recovered*,354,02/22/2022
739,73764.0,Deceased,1 to 4,02/22/2022
740,73764.0,Recovered*,37,02/22/2022
741,73766.0,Deceased,1 to 4,02/22/2022
742,73766.0,Recovered*,257,02/22/2022
743,73768.0,Deceased,1 to 4,02/22/2022
744,73768.0,Recovered*,355,02/22/2022
745,73771.0,Deceased,6,02/22/2022
746,73771.0,Recovered*,98,02/22/2022
747,73772.0,Active,10,02/22/2022
748,73772.0,Deceased,11,02/22/2022
749,73772.0,Recovered*,1034,02/22/2022
750,73773.0,Active,1 to 4,02/22/2022
751,73773.0,Deceased,1 to 4,02/22/2022
752,73773.0,Recovered*,392,02/22/2022
753,73801.0,Active,39,02/22/2022
754,73801.0,Deceased,51,02/22/2022
755,73801.0,Recovered*,3238,02/22/2022
756,73832.0,Active,1 to 4,02/22/2022
757,73832.0,Deceased,1 to 4,02/22/2022
758,73832.0,Recovered*,133,02/22/2022
759,73834.0,Deceased,8,02/22/2022
760,73834.0,Recovered*,262,02/22/2022
761,73835.0,Recovered*,45,02/22/2022
762,73838.0,Active,1 to 4,02/22/2022
763,73838.0,Deceased,1 to 4,02/22/2022
764,73838.0,Recovered*,85,02/22/2022
765,73840.0,Active,1 to 4,02/22/2022
766,73840.0,Deceased,1 to 4,02/22/2022
767,73840.0,Recovered*,125,02/22/2022
768,73841.0,Active,1 to 4,02/22/2022
769,73841.0,Deceased,1 to 4,02/22/2022
770,73841.0,Recovered*,973,02/22/2022
771,73842.0,Active,1 to 4,02/22/2022
772,73842.0,Deceased,1 to 4,02/22/2022
773,73842.0,Recovered*,87,02/22/2022
774,73843.0,Active,1 to 4,02/22/2022
775,73843.0,Deceased,1 to 4,02/22/2022
776,73843.0,Recovered*,116,02/22/2022
777,73844.0,Recovered*,39,02/22/2022
778,73848.0,Active,5,02/22/2022
779,73848.0,Deceased,5,02/22/2022
780,73848.0,Recovered*,374,02/22/2022
781,73851.0,Recovered*,54,02/22/2022
782,73852.0,Active,1 to 4,02/22/2022
783,73852.0,Deceased,8,02/22/2022
784,73852.0,Recovered*,374,02/22/2022
785,73853.0,Deceased,1 to 4,02/22/2022
786,73853.0,Recovered*,83,02/22/2022
787,73855.0,Recovered*,21,02/22/2022
788,73857.0,Active,1 to 4,02/22/2022
789,73857.0,Deceased,1 to 4,02/22/2022
790,73857.0,Recovered*,106,02/22/2022
791,73858.0,Active,1 to 4,02/22/2022
792,73858.0,Deceased,1 to 4,02/22/2022
793,73858.0,Recovered*,378,02/22/2022
794,73859.0,Active,6,02/22/2022
795,73859.0,Deceased,6,02/22/2022
796,73859.0,Recovered*,257,02/22/2022
797,73860.0,Active,1 to 4,02/22/2022
798,73860.0,Recovered*,224,02/22/2022
799,73901.0,Recovered*,38,02/22/2022
800,73931.0,Active,1 to 4,02/22/2022
801,73931.0,Recovered*,61,02/22/2022
802,73932.0,Active,6,02/22/2022
803,73932.0,Deceased,6,02/22/2022
804,73932.0,Recovered*,443,02/22/2022
805,73933.0,Active,9,02/22/2022
806,73933.0,Deceased,1 to 4,02/22/2022
807,73933.0,Recovered*,366,02/22/2022
808,73937.0,Recovered*,33,02/22/2022
809,73938.0,Active,1 to 4,02/22/2022
810,73938.0,Deceased,1 to 4,02/22/2022
811,73938.0,Recovered*,132,02/22/2022
812,73939.0,Deceased,1 to 4,02/22/2022
813,73939.0,Recovered*,277,02/22/2022
814,73942.0,Active,18,02/22/2022
815,73942.0,Deceased,49,02/22/2022
816,73942.0,Recovered*,4319,02/22/2022
817,73944.0,Deceased,1 to 4,02/22/2022
818,73944.0,Recovered*,86,02/22/2022
819,73945.0,Active,1 to 4,02/22/2022
820,73945.0,Recovered*,622,02/22/2022
821,73946.0,Recovered*,13,02/22/2022
822,73947.0,Active,1 to 4,02/22/2022
823,73947.0,Deceased,1 to 4,02/22/2022
824,73947.0,Recovered*,112,02/22/2022
825,73949.0,Recovered*,330,02/22/2022
826,73950.0,Active,5,02/22/2022
827,73950.0,Deceased,1 to 4,02/22/2022
828,73950.0,Recovered*,243,02/22/2022
829,73951.0,Active,1 to 4,02/22/2022
830,73951.0,Recovered*,185,02/22/2022
831,74001.0,Deceased,1 to 4,02/22/2022
832,74001.0,Recovered*,75,02/22/2022
833,74002.0,Active,12,02/22/2022
834,74002.0,Deceased,11,02/22/2022
835,74002.0,Recovered*,530,02/22/2022
836,74003.0,Active,53,02/22/2022
837,74003.0,Deceased,47,02/22/2022
838,74003.0,Recovered*,2823,02/22/2022
839,74006.0,Active,104,02/22/2022
840,74006.0,Deceased,131,02/22/2022
841,74006.0,Recovered*,6510,02/22/2022
842,74008.0,Active,81,02/22/2022
843,74008.0,Deceased,66,02/22/2022
844,74008.0,Recovered*,8346,02/22/2022
845,74010.0,Active,23,02/22/2022
846,74010.0,Deceased,54,02/22/2022
847,74010.0,Recovered*,2215,02/22/2022
848,74011.0,Active,91,02/22/2022
849,74011.0,Deceased,72,02/22/2022
850,74011.0,Recovered*,8396,02/22/2022
851,74012.0,Active,172,02/22/2022
852,74012.0,Deceased,220,02/22/2022
853,74012.0,Recovered*,17081,02/22/2022
854,74014.0,Active,107,02/22/2022
855,74014.0,Deceased,101,02/22/2022
856,74014.0,Recovered*,11202,02/22/2022
857,74015.0,Active,18,02/22/2022
858,74015.0,Deceased,29,02/22/2022
859,74015.0,Recovered*,1962,02/22/2022
860,74016.0,Active,8,02/22/2022
861,74016.0,Deceased,28,02/22/2022
862,74016.0,Recovered*,1477,02/22/2022
863,74017.0,Active,74,02/22/2022
864,74017.0,Deceased,166,02/22/2022
865,74017.0,Recovered*,7959,02/22/2022
866,74019.0,Active,50,02/22/2022
867,74019.0,Deceased,44,02/22/2022
868,74019.0,Recovered*,5249,02/22/2022
869,74020.0,Active,28,02/22/2022
870,74020.0,Deceased,32,02/22/2022
871,74020.0,Recovered*,1768,02/22/2022
872,74021.0,Active,50,02/22/2022
873,74021.0,Deceased,69,02/22/2022
874,74021.0,Recovered*,5553,02/22/2022
875,74022.0,Active,1 to 4,02/22/2022
876,74022.0,Deceased,8,02/22/2022
877,74022.0,Recovered*,384,02/22/2022
878,74023.0,Active,40,02/22/2022
879,74023.0,Deceased,38,02/22/2022
880,74023.0,Recovered*,2753,02/22/2022
881,74026.0,Active,1 to 4,02/22/2022
882,74026.0,Deceased,1 to 4,02/22/2022
883,74026.0,Recovered*,233,02/22/2022
884,74027.0,Active,5,02/22/2022
885,74027.0,Deceased,5,02/22/2022
886,74027.0,Recovered*,265,02/22/2022
887,74028.0,Active,1 to 4,02/22/2022
888,74028.0,Deceased,6,02/22/2022
889,74028.0,Recovered*,366,02/22/2022
890,74029.0,Active,20,02/22/2022
891,74029.0,Deceased,27,02/22/2022
892,74029.0,Recovered*,1213,02/22/2022
893,74030.0,Active,9,02/22/2022
894,74030.0,Deceased,16,02/22/2022
895,74030.0,Recovered*,787,02/22/2022
896,74032.0,Active,6,02/22/2022
897,74032.0,Deceased,5,02/22/2022
898,74032.0,Recovered*,424,02/22/2022
899,74033.0,Active,42,02/22/2022
900,74033.0,Deceased,46,02/22/2022
901,74033.0,Recovered*,3807,02/22/2022
902,74034.0,Active,1 to 4,02/22/2022
903,74034.0,Deceased,1 to 4,02/22/2022
904,74034.0,Recovered*,47,02/22/2022
905,74035.0,Active,12,02/22/2022
906,74035.0,Deceased,13,02/22/2022
907,74035.0,Recovered*,1282,02/22/2022
908,74036.0,Active,12,02/22/2022
909,74036.0,Deceased,18,02/22/2022
910,74036.0,Recovered*,1756,02/22/2022
911,74037.0,Active,34,02/22/2022
912,74037.0,Deceased,47,02/22/2022
913,74037.0,Recovered*,6014,02/22/2022
914,74038.0,Active,1 to 4,02/22/2022
915,74038.0,Deceased,6,02/22/2022
916,74038.0,Recovered*,477,02/22/2022
917,74039.0,Active,1 to 4,02/22/2022
918,74039.0,Deceased,9,02/22/2022
919,74039.0,Recovered*,794,02/22/2022
920,74041.0,Active,9,02/22/2022
921,74041.0,Deceased,8,02/22/2022
922,74041.0,Recovered*,733,02/22/2022
923,74042.0,Deceased,1 to 4,02/22/2022
924,74042.0,Recovered*,152,02/22/2022
925,74044.0,Active,17,02/22/2022
926,74044.0,Deceased,42,02/22/2022
927,74044.0,Recovered*,1797,02/22/2022
928,74045.0,Active,1 to 4,02/22/2022
929,74045.0,Recovered*,89,02/22/2022
930,74046.0,Recovered*,18,02/22/2022
931,74047.0,Active,11,02/22/2022
932,74047.0,Deceased,27,02/22/2022
933,74047.0,Recovered*,1707,02/22/2022
934,74048.0,Active,27,02/22/2022
935,74048.0,Deceased,20,02/22/2022
936,74048.0,Recovered*,1620,02/22/2022
937,74050.0,Active,1 to 4,02/22/2022
938,74050.0,Deceased,1 to 4,02/22/2022
939,74050.0,Recovered*,151,02/22/2022
940,74051.0,Active,5,02/22/2022
941,74051.0,Deceased,9,02/22/2022
942,74051.0,Recovered*,498,02/22/2022
943,74052.0,Active,1 to 4,02/22/2022
944,74052.0,Deceased,10,02/22/2022
945,74052.0,Recovered*,259,02/22/2022
946,74053.0,Active,12,02/22/2022
947,74053.0,Deceased,14,02/22/2022
948,74053.0,Recovered*,1229,02/22/2022
949,74054.0,Active,1 to 4,02/22/2022
950,74054.0,Deceased,1 to 4,02/22/2022
951,74054.0,Recovered*,111,02/22/2022
952,74055.0,Active,123,02/22/2022
953,74055.0,Deceased,152,02/22/2022
954,74055.0,Recovered*,12326,02/22/2022
955,74056.0,Active,18,02/22/2022
956,74056.0,Deceased,17,02/22/2022
957,74056.0,Recovered*,1253,02/22/2022
958,74058.0,Active,10,02/22/2022
959,74058.0,Deceased,30,02/22/2022
960,74058.0,Recovered*,1073,02/22/2022
961,74059.0,Active,20,02/22/2022
962,74059.0,Deceased,10,02/22/2022
963,74059.0,Recovered*,1227,02/22/2022
964,74060.0,Active,1 to 4,02/22/2022
965,74060.0,Deceased,1 to 4,02/22/2022
966,74060.0,Recovered*,130,02/22/2022
967,74061.0,Active,7,02/22/2022
968,74061.0,Deceased,11,02/22/2022
969,74061.0,Recovered*,528,02/22/2022
970,74062.0,Active,1 to 4,02/22/2022
971,74062.0,Deceased,1 to 4,02/22/2022
972,74062.0,Recovered*,209,02/22/2022
973,74063.0,Active,68,02/22/2022
974,74063.0,Deceased,119,02/22/2022
975,74063.0,Recovered*,7984,02/22/2022
976,74066.0,Active,72,02/22/2022
977,74066.0,Deceased,117,02/22/2022
978,74066.0,Recovered*,8042,02/22/2022
979,74068.0,Active,1 to 4,02/22/2022
980,74068.0,Deceased,1 to 4,02/22/2022
981,74068.0,Recovered*,30,02/22/2022
982,74070.0,Active,31,02/22/2022
983,74070.0,Deceased,46,02/22/2022
984,74070.0,Recovered*,3889,02/22/2022
985,74071.0,Active,1 to 4,02/22/2022
986,74071.0,Deceased,1 to 4,02/22/2022
987,74071.0,Recovered*,34,02/22/2022
988,74072.0,Active,1 to 4,02/22/2022
989,74072.0,Deceased,1 to 4,02/22/2022
990,74072.0,Recovered*,431,02/22/2022
991,74073.0,Active,20,02/22/2022
992,74073.0,Deceased,9,02/22/2022
993,74073.0,Recovered*,1418,02/22/2022
994,74074.0,Active,84,02/22/2022
995,74074.0,Deceased,58,02/22/2022
996,74074.0,Recovered*,6946,02/22/2022
997,74075.0,Active,60,02/22/2022
998,74075.0,Deceased,24,02/22/2022
999,74075.0,Recovered*,4707,02/22/2022
1000,74078.0,Active,1 to 4,02/22/2022
1001,74078.0,Recovered*,202,02/22/2022
1002,74079.0,Active,21,02/22/2022
1003,74079.0,Deceased,16,02/22/2022
1004,74079.0,Recovered*,970,02/22/2022
1005,74080.0,Active,7,02/22/2022
1006,74080.0,Deceased,7,02/22/2022
1007,74080.0,Recovered*,683,02/22/2022
1008,74081.0,Active,1 to 4,02/22/2022
1009,74081.0,Deceased,1 to 4,02/22/2022
1010,74081.0,Recovered*,390,02/22/2022
1011,74082.0,Recovered*,38,02/22/2022
1012,74083.0,Active,1 to 4,02/22/2022
1013,74083.0,Deceased,1 to 4,02/22/2022
1014,74083.0,Recovered*,194,02/22/2022
1015,74084.0,Active,1 to 4,02/22/2022
1016,74084.0,Deceased,1 to 4,02/22/2022
1017,74084.0,Recovered*,118,02/22/2022
1018,74085.0,Active,6,02/22/2022
1019,74085.0,Deceased,11,02/22/2022
1020,74085.0,Recovered*,468,02/22/2022
1021,74103.0,Active,6,02/22/2022
1022,74103.0,Deceased,7,02/22/2022
1023,74103.0,Recovered*,863,02/22/2022
1024,74104.0,Active,24,02/22/2022
1025,74104.0,Deceased,22,02/22/2022
1026,74104.0,Recovered*,2498,02/22/2022
1027,74105.0,Active,56,02/22/2022
1028,74105.0,Deceased,59,02/22/2022
1029,74105.0,Recovered*,5722,02/22/2022
1030,74106.0,Active,34,02/22/2022
1031,74106.0,Deceased,48,02/22/2022
1032,74106.0,Recovered*,3481,02/22/2022
1033,74107.0,Active,42,02/22/2022
1034,74107.0,Deceased,74,02/22/2022
1035,74107.0,Recovered*,4207,02/22/2022
1036,74108.0,Active,13,02/22/2022
1037,74108.0,Deceased,22,02/22/2022
1038,74108.0,Recovered*,1754,02/22/2022
1039,74110.0,Active,29,02/22/2022
1040,74110.0,Deceased,47,02/22/2022
1041,74110.0,Recovered*,3337,02/22/2022
1042,74112.0,Active,50,02/22/2022
1043,74112.0,Deceased,51,02/22/2022
1044,74112.0,Recovered*,4419,02/22/2022
1045,74114.0,Active,40,02/22/2022
1046,74114.0,Deceased,29,02/22/2022
1047,74114.0,Recovered*,3105,02/22/2022
1048,74115.0,Active,36,02/22/2022
1049,74115.0,Deceased,60,02/22/2022
1050,74115.0,Recovered*,5144,02/22/2022
1051,74116.0,Active,10,02/22/2022
1052,74116.0,Deceased,9,02/22/2022
1053,74116.0,Recovered*,909,02/22/2022
1054,74117.0,Recovered*,19,02/22/2022
1055,74119.0,Active,10,02/22/2022
1056,74119.0,Deceased,6,02/22/2022
1057,74119.0,Recovered*,776,02/22/2022
1058,74120.0,Active,13,02/22/2022
1059,74120.0,Deceased,6,02/22/2022
1060,74120.0,Recovered*,1120,02/22/2022
1061,74126.0,Active,21,02/22/2022
1062,74126.0,Deceased,36,02/22/2022
1063,74126.0,Recovered*,2178,02/22/2022
1064,74127.0,Active,51,02/22/2022
1065,74127.0,Deceased,60,02/22/2022
1066,74127.0,Recovered*,3314,02/22/2022
1067,74128.0,Active,24,02/22/2022
1068,74128.0,Deceased,42,02/22/2022
1069,74128.0,Recovered*,3126,02/22/2022
1070,74129.0,Active,35,02/22/2022
1071,74129.0,Deceased,63,02/22/2022
1072,74129.0,Recovered*,4295,02/22/2022
1073,74130.0,Active,7,02/22/2022
1074,74130.0,Deceased,10,02/22/2022
1075,74130.0,Recovered*,457,02/22/2022
1076,74131.0,Active,11,02/22/2022
1077,74131.0,Deceased,8,02/22/2022
1078,74131.0,Recovered*,697,02/22/2022
1079,74132.0,Active,21,02/22/2022
1080,74132.0,Deceased,36,02/22/2022
1081,74132.0,Recovered*,2491,02/22/2022
1082,74133.0,Active,110,02/22/2022
1083,74133.0,Deceased,138,02/22/2022
1084,74133.0,Recovered*,11857,02/22/2022
1085,74134.0,Active,42,02/22/2022
1086,74134.0,Deceased,54,02/22/2022
1087,74134.0,Recovered*,5956,02/22/2022
1088,74135.0,Active,49,02/22/2022
1089,74135.0,Deceased,69,02/22/2022
1090,74135.0,Recovered*,4539,02/22/2022
1091,74136.0,Active,77,02/22/2022
1092,74136.0,Deceased,129,02/22/2022
1093,74136.0,Recovered*,7279,02/22/2022
1094,74137.0,Active,60,02/22/2022
1095,74137.0,Deceased,78,02/22/2022
1096,74137.0,Recovered*,6424,02/22/2022
1097,74145.0,Active,31,02/22/2022
1098,74145.0,Deceased,44,02/22/2022
1099,74145.0,Recovered*,4289,02/22/2022
1100,74146.0,Active,38,02/22/2022
1101,74146.0,Deceased,33,02/22/2022
1102,74146.0,Recovered*,4049,02/22/2022
1103,74301.0,Active,48,02/22/2022
1104,74301.0,Deceased,32,02/22/2022
1105,74301.0,Recovered*,3532,02/22/2022
1106,74330.0,Active,8,02/22/2022
1107,74330.0,Deceased,1 to 4,02/22/2022
1108,74330.0,Recovered*,726,02/22/2022
1109,74331.0,Active,24,02/22/2022
1110,74331.0,Deceased,15,02/22/2022
1111,74331.0,Recovered*,1522,02/22/2022
1112,74332.0,Active,7,02/22/2022
1113,74332.0,Deceased,7,02/22/2022
1114,74332.0,Recovered*,487,02/22/2022
1115,74333.0,Active,1 to 4,02/22/2022
1116,74333.0,Deceased,1 to 4,02/22/2022
1117,74333.0,Recovered*,324,02/22/2022
1118,74337.0,Active,10,02/22/2022
1119,74337.0,Deceased,33,02/22/2022
1120,74337.0,Recovered*,1162,02/22/2022
1121,74338.0,Active,15,02/22/2022
1122,74338.0,Deceased,11,02/22/2022
1123,74338.0,Recovered*,1116,02/22/2022
1124,74339.0,Active,6,02/22/2022
1125,74339.0,Deceased,13,02/22/2022
1126,74339.0,Recovered*,750,02/22/2022
1127,74340.0,Deceased,1 to 4,02/22/2022
1128,74340.0,Recovered*,101,02/22/2022
1129,74342.0,Active,13,02/22/2022
1130,74342.0,Deceased,9,02/22/2022
1131,74342.0,Recovered*,655,02/22/2022
1132,74343.0,Active,14,02/22/2022
1133,74343.0,Deceased,9,02/22/2022
1134,74343.0,Recovered*,762,02/22/2022
1135,74344.0,Active,52,02/22/2022
1136,74344.0,Deceased,93,02/22/2022
1137,74344.0,Recovered*,3374,02/22/2022
1138,74346.0,Active,36,02/22/2022
1139,74346.0,Deceased,41,02/22/2022
1140,74346.0,Recovered*,2606,02/22/2022
1141,74347.0,Active,18,02/22/2022
1142,74347.0,Deceased,7,02/22/2022
1143,74347.0,Recovered*,928,02/22/2022
1144,74349.0,Active,1 to 4,02/22/2022
1145,74349.0,Deceased,1 to 4,02/22/2022
1146,74349.0,Recovered*,145,02/22/2022
1147,74350.0,Active,1 to 4,02/22/2022
1148,74350.0,Deceased,1 to 4,02/22/2022
1149,74350.0,Recovered*,181,02/22/2022
1150,74352.0,Active,26,02/22/2022
1151,74352.0,Deceased,19,02/22/2022
1152,74352.0,Recovered*,1860,02/22/2022
1153,74354.0,Active,61,02/22/2022
1154,74354.0,Deceased,57,02/22/2022
1155,74354.0,Recovered*,4845,02/22/2022
1156,74358.0,Active,1 to 4,02/22/2022
1157,74358.0,Recovered*,88,02/22/2022
1158,74359.0,Active,6,02/22/2022
1159,74359.0,Deceased,1 to 4,02/22/2022
1160,74359.0,Recovered*,231,02/22/2022
1161,74360.0,Recovered*,6,02/22/2022
1162,74361.0,Active,64,02/22/2022
1163,74361.0,Deceased,60,02/22/2022
1164,74361.0,Recovered*,4210,02/22/2022
1165,74363.0,Active,12,02/22/2022
1166,74363.0,Deceased,17,02/22/2022
1167,74363.0,Recovered*,809,02/22/2022
1168,74364.0,Active,6,02/22/2022
1169,74364.0,Deceased,8,02/22/2022
1170,74364.0,Recovered*,460,02/22/2022
1171,74365.0,Active,39,02/22/2022
1172,74365.0,Deceased,18,02/22/2022
1173,74365.0,Recovered*,1476,02/22/2022
1174,74366.0,Active,6,02/22/2022
1175,74366.0,Deceased,1 to 4,02/22/2022
1176,74366.0,Recovered*,418,02/22/2022
1177,74367.0,Active,1 to 4,02/22/2022
1178,74367.0,Recovered*,149,02/22/2022
1179,74368.0,Deceased,1 to 4,02/22/2022
1180,74368.0,Recovered*,39,02/22/2022
1181,74369.0,Active,7,02/22/2022
1182,74369.0,Deceased,7,02/22/2022
1183,74369.0,Recovered*,440,02/22/2022
1184,74370.0,Active,9,02/22/2022
1185,74370.0,Deceased,11,02/22/2022
1186,74370.0,Recovered*,819,02/22/2022
1187,74401.0,Active,59,02/22/2022
1188,74401.0,Deceased,76,02/22/2022
1189,74401.0,Recovered*,4264,02/22/2022
1190,74403.0,Active,99,02/22/2022
1191,74403.0,Deceased,142,02/22/2022
1192,74403.0,Recovered*,7521,02/22/2022
1193,74421.0,Active,9,02/22/2022
1194,74421.0,Deceased,12,02/22/2022
1195,74421.0,Recovered*,1142,02/22/2022
1196,74422.0,Deceased,1 to 4,02/22/2022
1197,74422.0,Recovered*,158,02/22/2022
1198,74423.0,Active,1 to 4,02/22/2022
1199,74423.0,Deceased,5,02/22/2022
1200,74423.0,Recovered*,242,02/22/2022
1201,74425.0,Deceased,1 to 4,02/22/2022
1202,74425.0,Recovered*,193,02/22/2022
1203,74426.0,Active,13,02/22/2022
1204,74426.0,Deceased,48,02/22/2022
1205,74426.0,Recovered*,1725,02/22/2022
1206,74427.0,Active,1 to 4,02/22/2022
1207,74427.0,Deceased,1 to 4,02/22/2022
1208,74427.0,Recovered*,276,02/22/2022
1209,74428.0,Deceased,6,02/22/2022
1210,74428.0,Recovered*,219,02/22/2022
1211,74429.0,Active,46,02/22/2022
1212,74429.0,Deceased,61,02/22/2022
1213,74429.0,Recovered*,4529,02/22/2022
1214,74430.0,Active,1 to 4,02/22/2022
1215,74430.0,Recovered*,135,02/22/2022
1216,74431.0,Active,1 to 4,02/22/2022
1217,74431.0,Deceased,1 to 4,02/22/2022
1218,74431.0,Recovered*,184,02/22/2022
1219,74432.0,Active,34,02/22/2022
1220,74432.0,Deceased,65,02/22/2022
1221,74432.0,Recovered*,2058,02/22/2022
1222,74434.0,Active,17,02/22/2022
1223,74434.0,Deceased,30,02/22/2022
1224,74434.0,Recovered*,2575,02/22/2022
1225,74435.0,Active,5,02/22/2022
1226,74435.0,Deceased,13,02/22/2022
1227,74435.0,Recovered*,777,02/22/2022
1228,74436.0,Active,17,02/22/2022
1229,74436.0,Deceased,20,02/22/2022
1230,74436.0,Recovered*,1354,02/22/2022
1231,74437.0,Active,20,02/22/2022
1232,74437.0,Deceased,55,02/22/2022
1233,74437.0,Recovered*,2090,02/22/2022
1234,74438.0,Active,1 to 4,02/22/2022
1235,74438.0,Deceased,1 to 4,02/22/2022
1236,74438.0,Recovered*,32,02/22/2022
1237,74441.0,Active,24,02/22/2022
1238,74441.0,Deceased,15,02/22/2022
1239,74441.0,Recovered*,1418,02/22/2022
1240,74442.0,Active,1 to 4,02/22/2022
1241,74442.0,Recovered*,146,02/22/2022
1242,74445.0,Active,6,02/22/2022
1243,74445.0,Deceased,16,02/22/2022
1244,74445.0,Recovered*,824,02/22/2022
1245,74446.0,Active,1 to 4,02/22/2022
1246,74446.0,Deceased,1 to 4,02/22/2022
1247,74446.0,Recovered*,165,02/22/2022
1248,74447.0,Active,43,02/22/2022
1249,74447.0,Deceased,75,02/22/2022
1250,74447.0,Recovered*,4109,02/22/2022
1251,74450.0,Active,1 to 4,02/22/2022
1252,74450.0,Deceased,9,02/22/2022
1253,74450.0,Recovered*,350,02/22/2022
1254,74451.0,Active,21,02/22/2022
1255,74451.0,Deceased,14,02/22/2022
1256,74451.0,Recovered*,1055,02/22/2022
1257,74452.0,Active,1 to 4,02/22/2022
1258,74452.0,Deceased,1 to 4,02/22/2022
1259,74452.0,Recovered*,159,02/22/2022
1260,74454.0,Active,1 to 4,02/22/2022
1261,74454.0,Deceased,19,02/22/2022
1262,74454.0,Recovered*,722,02/22/2022
1263,74455.0,Active,1 to 4,02/22/2022
1264,74455.0,Deceased,6,02/22/2022
1265,74455.0,Recovered*,581,02/22/2022
1266,74456.0,Recovered*,84,02/22/2022
1267,74457.0,Active,6,02/22/2022
1268,74457.0,Deceased,1 to 4,02/22/2022
1269,74457.0,Recovered*,158,02/22/2022
1270,74458.0,Recovered*,28,02/22/2022
1271,74459.0,Recovered*,6,02/22/2022
1272,74460.0,Active,1 to 4,02/22/2022
1273,74460.0,Recovered*,89,02/22/2022
1274,74462.0,Active,11,02/22/2022
1275,74462.0,Deceased,23,02/22/2022
1276,74462.0,Recovered*,1683,02/22/2022
1277,74463.0,Active,1 to 4,02/22/2022
1278,74463.0,Deceased,7,02/22/2022
1279,74463.0,Recovered*,1760,02/22/2022
1280,74464.0,Active,142,02/22/2022
1281,74464.0,Deceased,79,02/22/2022
1282,74464.0,Recovered*,9364,02/22/2022
1283,74467.0,Active,44,02/22/2022
1284,74467.0,Deceased,63,02/22/2022
1285,74467.0,Recovered*,3573,02/22/2022
1286,74468.0,Active,1 to 4,02/22/2022
1287,74468.0,Recovered*,38,02/22/2022
1288,74469.0,Active,1 to 4,02/22/2022
1289,74469.0,Deceased,15,02/22/2022
1290,74469.0,Recovered*,675,02/22/2022
1291,74470.0,Active,1 to 4,02/22/2022
1292,74470.0,Deceased,1 to 4,02/22/2022
1293,74470.0,Recovered*,311,02/22/2022
1294,74471.0,Active,11,02/22/2022
1295,74471.0,Deceased,1 to 4,02/22/2022
1296,74471.0,Recovered*,434,02/22/2022
1297,74472.0,Active,1 to 4,02/22/2022
1298,74472.0,Deceased,1 to 4,02/22/2022
1299,74472.0,Recovered*,116,02/22/2022
1300,74477.0,Active,1 to 4,02/22/2022
1301,74477.0,Recovered*,72,02/22/2022
1302,74501.0,Active,53,02/22/2022
1303,74501.0,Deceased,123,02/22/2022
1304,74501.0,Recovered*,6696,02/22/2022
1305,74521.0,Recovered*,32,02/22/2022
1306,74522.0,Active,1 to 4,02/22/2022
1307,74522.0,Deceased,1 to 4,02/22/2022
1308,74522.0,Recovered*,89,02/22/2022
1309,74523.0,Active,14,02/22/2022
1310,74523.0,Deceased,25,02/22/2022
1311,74523.0,Recovered*,1361,02/22/2022
1312,74525.0,Active,17,02/22/2022
1313,74525.0,Deceased,34,02/22/2022
1314,74525.0,Recovered*,2846,02/22/2022
1315,74528.0,Recovered*,36,02/22/2022
1316,74530.0,Active,1 to 4,02/22/2022
1317,74530.0,Deceased,1 to 4,02/22/2022
1318,74530.0,Recovered*,50,02/22/2022
1319,74531.0,Active,1 to 4,02/22/2022
1320,74531.0,Deceased,1 to 4,02/22/2022
1321,74531.0,Recovered*,150,02/22/2022
1322,74533.0,Active,1 to 4,02/22/2022
1323,74533.0,Deceased,1 to 4,02/22/2022
1324,74533.0,Recovered*,222,02/22/2022
1325,74534.0,Active,1 to 4,02/22/2022
1326,74534.0,Deceased,1 to 4,02/22/2022
1327,74534.0,Recovered*,84,02/22/2022
1328,74535.0,Active,1 to 4,02/22/2022
1329,74535.0,Recovered*,13,02/22/2022
1330,74536.0,Active,9,02/22/2022
1331,74536.0,Deceased,6,02/22/2022
1332,74536.0,Recovered*,409,02/22/2022
1333,74538.0,Active,15,02/22/2022
1334,74538.0,Deceased,17,02/22/2022
1335,74538.0,Recovered*,1203,02/22/2022
1336,74540.0,Recovered*,57,02/22/2022
1337,74543.0,Deceased,1 to 4,02/22/2022
1338,74543.0,Recovered*,51,02/22/2022
1339,74546.0,Active,1 to 4,02/22/2022
1340,74546.0,Deceased,1 to 4,02/22/2022
1341,74546.0,Recovered*,164,02/22/2022
1342,74547.0,Active,14,02/22/2022
1343,74547.0,Deceased,24,02/22/2022
1344,74547.0,Recovered*,743,02/22/2022
1345,74549.0,Recovered*,25,02/22/2022
1346,74552.0,Active,1 to 4,02/22/2022
1347,74552.0,Deceased,7,02/22/2022
1348,74552.0,Recovered*,160,02/22/2022
1349,74553.0,Active,1 to 4,02/22/2022
1350,74553.0,Deceased,5,02/22/2022
1351,74553.0,Recovered*,327,02/22/2022
1352,74554.0,Active,7,02/22/2022
1353,74554.0,Deceased,8,02/22/2022
1354,74554.0,Recovered*,377,02/22/2022
1355,74555.0,Active,1 to 4,02/22/2022
1356,74555.0,Deceased,1 to 4,02/22/2022
1357,74555.0,Recovered*,143,02/22/2022
1358,74556.0,Active,1 to 4,02/22/2022
1359,74556.0,Recovered*,111,02/22/2022
1360,74557.0,Active,1 to 4,02/22/2022
1361,74557.0,Deceased,1 to 4,02/22/2022
1362,74557.0,Recovered*,100,02/22/2022
1363,74558.0,Recovered*,69,02/22/2022
1364,74560.0,Active,1 to 4,02/22/2022
1365,74560.0,Deceased,1 to 4,02/22/2022
1366,74560.0,Recovered*,165,02/22/2022
1367,74561.0,Active,7,02/22/2022
1368,74561.0,Deceased,8,02/22/2022
1369,74561.0,Recovered*,437,02/22/2022
1370,74562.0,Deceased,1 to 4,02/22/2022
1371,74562.0,Recovered*,178,02/22/2022
1372,74563.0,Active,1 to 4,02/22/2022
1373,74563.0,Deceased,1 to 4,02/22/2022
1374,74563.0,Recovered*,387,02/22/2022
1375,74565.0,Active,1 to 4,02/22/2022
1376,74565.0,Deceased,1 to 4,02/22/2022
1377,74565.0,Recovered*,168,02/22/2022
1378,74567.0,Active,1 to 4,02/22/2022
1379,74567.0,Recovered*,40,02/22/2022
1380,74569.0,Active,1 to 4,02/22/2022
1381,74569.0,Deceased,1 to 4,02/22/2022
1382,74569.0,Recovered*,183,02/22/2022
1383,74570.0,Active,1 to 4,02/22/2022
1384,74570.0,Deceased,5,02/22/2022
1385,74570.0,Recovered*,209,02/22/2022
1386,74571.0,Active,46,02/22/2022
1387,74571.0,Deceased,23,02/22/2022
1388,74571.0,Recovered*,1158,02/22/2022
1389,74572.0,Active,1 to 4,02/22/2022
1390,74572.0,Deceased,1 to 4,02/22/2022
1391,74572.0,Recovered*,216,02/22/2022
1392,74574.0,Active,5,02/22/2022
1393,74574.0,Deceased,1 to 4,02/22/2022
1394,74574.0,Recovered*,224,02/22/2022
1395,74576.0,Active,1 to 4,02/22/2022
1396,74576.0,Recovered*,37,02/22/2022
1397,74577.0,Active,1 to 4,02/22/2022
1398,74577.0,Recovered*,78,02/22/2022
1399,74578.0,Active,13,02/22/2022
1400,74578.0,Deceased,21,02/22/2022
1401,74578.0,Recovered*,1386,02/22/2022
1402,74601.0,Active,77,02/22/2022
1403,74601.0,Deceased,86,02/22/2022
1404,74601.0,Recovered*,5381,02/22/2022
1405,74604.0,Active,39,02/22/2022
1406,74604.0,Deceased,51,02/22/2022
1407,74604.0,Recovered*,3202,02/22/2022
1408,74630.0,Active,45,02/22/2022
1409,74630.0,Deceased,1 to 4,02/22/2022
1410,74630.0,Recovered*,248,02/22/2022
1411,74631.0,Active,26,02/22/2022
1412,74631.0,Deceased,43,02/22/2022
1413,74631.0,Recovered*,1461,02/22/2022
1414,74632.0,Deceased,1 to 4,02/22/2022
1415,74632.0,Recovered*,77,02/22/2022
1416,74633.0,Deceased,1 to 4,02/22/2022
1417,74633.0,Recovered*,100,02/22/2022
1418,74636.0,Deceased,1 to 4,02/22/2022
1419,74636.0,Recovered*,74,02/22/2022
1420,74637.0,Active,6,02/22/2022
1421,74637.0,Deceased,14,02/22/2022
1422,74637.0,Recovered*,446,02/22/2022
1423,74640.0,Active,1 to 4,02/22/2022
1424,74640.0,Deceased,1 to 4,02/22/2022
1425,74640.0,Recovered*,64,02/22/2022
1426,74641.0,Active,1 to 4,02/22/2022
1427,74641.0,Deceased,1 to 4,02/22/2022
1428,74641.0,Recovered*,147,02/22/2022
1429,74643.0,Active,1 to 4,02/22/2022
1430,74643.0,Deceased,1 to 4,02/22/2022
1431,74643.0,Recovered*,127,02/22/2022
1432,74644.0,Active,1 to 4,02/22/2022
1433,74644.0,Deceased,1 to 4,02/22/2022
1434,74644.0,Recovered*,115,02/22/2022
1435,74646.0,Recovered*,41,02/22/2022
1436,74647.0,Active,6,02/22/2022
1437,74647.0,Deceased,10,02/22/2022
1438,74647.0,Recovered*,972,02/22/2022
1439,74650.0,Active,1 to 4,02/22/2022
1440,74650.0,Deceased,1 to 4,02/22/2022
1441,74650.0,Recovered*,98,02/22/2022
1442,74651.0,Active,5,02/22/2022
1443,74651.0,Deceased,1 to 4,02/22/2022
1444,74651.0,Recovered*,304,02/22/2022
1445,74652.0,Active,1 to 4,02/22/2022
1446,74652.0,Deceased,1 to 4,02/22/2022
1447,74652.0,Recovered*,142,02/22/2022
1448,74653.0,Active,9,02/22/2022
1449,74653.0,Deceased,20,02/22/2022
1450,74653.0,Recovered*,800,02/22/2022
1451,74701.0,Active,55,02/22/2022
1452,74701.0,Deceased,70,02/22/2022
1453,74701.0,Recovered*,7456,02/22/2022
1454,74720.0,Deceased,1 to 4,02/22/2022
1455,74720.0,Recovered*,116,02/22/2022
1456,74722.0,Active,1 to 4,02/22/2022
1457,74722.0,Deceased,1 to 4,02/22/2022
1458,74722.0,Recovered*,52,02/22/2022
1459,74723.0,Active,5,02/22/2022
1460,74723.0,Deceased,5,02/22/2022
1461,74723.0,Recovered*,349,02/22/2022
1462,74724.0,Deceased,1 to 4,02/22/2022
1463,74724.0,Recovered*,56,02/22/2022
1464,74726.0,Active,1 to 4,02/22/2022
1465,74726.0,Deceased,1 to 4,02/22/2022
1466,74726.0,Recovered*,553,02/22/2022
1467,74727.0,Active,1 to 4,02/22/2022
1468,74727.0,Deceased,5,02/22/2022
1469,74727.0,Recovered*,581,02/22/2022
1470,74728.0,Active,9,02/22/2022
1471,74728.0,Deceased,58,02/22/2022
1472,74728.0,Recovered*,2629,02/22/2022
1473,74729.0,Active,5,02/22/2022
1474,74729.0,Deceased,6,02/22/2022
1475,74729.0,Recovered*,705,02/22/2022
1476,74730.0,Active,10,02/22/2022
1477,74730.0,Deceased,18,02/22/2022
1478,74730.0,Recovered*,1663,02/22/2022
1479,74731.0,Active,5,02/22/2022
1480,74731.0,Deceased,1 to 4,02/22/2022
1481,74731.0,Recovered*,324,02/22/2022
1482,74733.0,Active,1 to 4,02/22/2022
1483,74733.0,Deceased,12,02/22/2022
1484,74733.0,Recovered*,727,02/22/2022
1485,74734.0,Active,1 to 4,02/22/2022
1486,74734.0,Deceased,1 to 4,02/22/2022
1487,74734.0,Recovered*,153,02/22/2022
1488,74735.0,Active,5,02/22/2022
1489,74735.0,Deceased,6,02/22/2022
1490,74735.0,Recovered*,406,02/22/2022
1491,74736.0,Active,1 to 4,02/22/2022
1492,74736.0,Deceased,1 to 4,02/22/2022
1493,74736.0,Recovered*,243,02/22/2022
1494,74738.0,Active,1 to 4,02/22/2022
1495,74738.0,Recovered*,141,02/22/2022
1496,74740.0,Active,5,02/22/2022
1497,74740.0,Deceased,6,02/22/2022
1498,74740.0,Recovered*,439,02/22/2022
1499,74741.0,Active,1 to 4,02/22/2022
1500,74741.0,Recovered*,230,02/22/2022
1501,74743.0,Active,29,02/22/2022
1502,74743.0,Deceased,38,02/22/2022
1503,74743.0,Recovered*,2252,02/22/2022
1504,74745.0,Active,23,02/22/2022
1505,74745.0,Deceased,49,02/22/2022
1506,74745.0,Recovered*,2733,02/22/2022
1507,74747.0,Recovered*,12,02/22/2022
1508,74748.0,Deceased,1 to 4,02/22/2022
1509,74748.0,Recovered*,143,02/22/2022
1510,74750.0,Deceased,1 to 4,02/22/2022
1511,74750.0,Recovered*,60,02/22/2022
1512,74753.0,Recovered*,13,02/22/2022
1513,74754.0,Active,1 to 4,02/22/2022
1514,74754.0,Deceased,1 to 4,02/22/2022
1515,74754.0,Recovered*,60,02/22/2022
1516,74755.0,Deceased,1 to 4,02/22/2022
1517,74755.0,Recovered*,28,02/22/2022
1518,74756.0,Active,5,02/22/2022
1519,74756.0,Deceased,1 to 4,02/22/2022
1520,74756.0,Recovered*,171,02/22/2022
1521,74759.0,Active,1 to 4,02/22/2022
1522,74759.0,Deceased,1 to 4,02/22/2022
1523,74759.0,Recovered*,301,02/22/2022
1524,74760.0,Deceased,1 to 4,02/22/2022
1525,74760.0,Recovered*,52,02/22/2022
1526,74761.0,Deceased,1 to 4,02/22/2022
1527,74761.0,Recovered*,25,02/22/2022
1528,74764.0,Active,6,02/22/2022
1529,74764.0,Deceased,12,02/22/2022
1530,74764.0,Recovered*,747,02/22/2022
1531,74766.0,Active,5,02/22/2022
1532,74766.0,Deceased,6,02/22/2022
1533,74766.0,Recovered*,391,02/22/2022
1534,74801.0,Active,70,02/22/2022
1535,74801.0,Deceased,69,02/22/2022
1536,74801.0,Recovered*,5937,02/22/2022
1537,74804.0,Active,68,02/22/2022
1538,74804.0,Deceased,91,02/22/2022
1539,74804.0,Recovered*,6051,02/22/2022
1540,74820.0,Active,129,02/22/2022
1541,74820.0,Deceased,99,02/22/2022
1542,74820.0,Recovered*,9389,02/22/2022
1543,74824.0,Active,1 to 4,02/22/2022
1544,74824.0,Deceased,1 to 4,02/22/2022
1545,74824.0,Recovered*,230,02/22/2022
1546,74825.0,Active,6,02/22/2022
1547,74825.0,Deceased,5,02/22/2022
1548,74825.0,Recovered*,549,02/22/2022
1549,74826.0,Active,1 to 4,02/22/2022
1550,74826.0,Deceased,6,02/22/2022
1551,74826.0,Recovered*,273,02/22/2022
1552,74827.0,Deceased,1 to 4,02/22/2022
1553,74827.0,Recovered*,67,02/22/2022
1554,74829.0,Deceased,11,02/22/2022
1555,74829.0,Recovered*,633,02/22/2022
1556,74830.0,Deceased,1 to 4,02/22/2022
1557,74830.0,Recovered*,35,02/22/2022
1558,74831.0,Active,1 to 4,02/22/2022
1559,74831.0,Deceased,1 to 4,02/22/2022
1560,74831.0,Recovered*,211,02/22/2022
1561,74832.0,Active,1 to 4,02/22/2022
1562,74832.0,Deceased,1 to 4,02/22/2022
1563,74832.0,Recovered*,190,02/22/2022
1564,74833.0,Active,1 to 4,02/22/2022
1565,74833.0,Deceased,1 to 4,02/22/2022
1566,74833.0,Recovered*,142,02/22/2022
1567,74834.0,Active,16,02/22/2022
1568,74834.0,Deceased,29,02/22/2022
1569,74834.0,Recovered*,1638,02/22/2022
1570,74836.0,Active,1 to 4,02/22/2022
1571,74836.0,Deceased,1 to 4,02/22/2022
1572,74836.0,Recovered*,24,02/22/2022
1573,74837.0,Deceased,1 to 4,02/22/2022
1574,74837.0,Recovered*,56,02/22/2022
1575,74839.0,Active,1 to 4,02/22/2022
1576,74839.0,Deceased,7,02/22/2022
1577,74839.0,Recovered*,140,02/22/2022
1578,74840.0,Active,1 to 4,02/22/2022
1579,74840.0,Deceased,9,02/22/2022
1580,74840.0,Recovered*,581,02/22/2022
1581,74842.0,Deceased,1 to 4,02/22/2022
1582,74842.0,Recovered*,64,02/22/2022
1583,74843.0,Recovered*,65,02/22/2022
1584,74844.0,Active,1 to 4,02/22/2022
1585,74844.0,Deceased,1 to 4,02/22/2022
1586,74844.0,Recovered*,93,02/22/2022
1587,74845.0,Recovered*,74,02/22/2022
1588,74848.0,Active,16,02/22/2022
1589,74848.0,Deceased,32,02/22/2022
1590,74848.0,Recovered*,1311,02/22/2022
1591,74849.0,Active,13,02/22/2022
1592,74849.0,Deceased,19,02/22/2022
1593,74849.0,Recovered*,759,02/22/2022
1594,74850.0,Deceased,1 to 4,02/22/2022
1595,74850.0,Recovered*,47,02/22/2022
1596,74851.0,Active,24,02/22/2022
1597,74851.0,Deceased,37,02/22/2022
1598,74851.0,Recovered*,2744,02/22/2022
1599,74852.0,Active,1 to 4,02/22/2022
1600,74852.0,Deceased,1 to 4,02/22/2022
1601,74852.0,Recovered*,408,02/22/2022
1602,74854.0,Active,1 to 4,02/22/2022
1603,74854.0,Deceased,1 to 4,02/22/2022
1604,74854.0,Recovered*,436,02/22/2022
1605,74855.0,Active,15,02/22/2022
1606,74855.0,Deceased,25,02/22/2022
1607,74855.0,Recovered*,1061,02/22/2022
1608,74856.0,Active,1 to 4,02/22/2022
1609,74856.0,Deceased,1 to 4,02/22/2022
1610,74856.0,Recovered*,219,02/22/2022
1611,74857.0,Active,27,02/22/2022
1612,74857.0,Deceased,22,02/22/2022
1613,74857.0,Recovered*,2430,02/22/2022
1614,74859.0,Active,17,02/22/2022
1615,74859.0,Deceased,24,02/22/2022
1616,74859.0,Recovered*,1863,02/22/2022
1617,74860.0,Active,1 to 4,02/22/2022
1618,74860.0,Deceased,1 to 4,02/22/2022
1619,74860.0,Recovered*,386,02/22/2022
1620,74864.0,Active,18,02/22/2022
1621,74864.0,Deceased,18,02/22/2022
1622,74864.0,Recovered*,1220,02/22/2022
1623,74865.0,Active,10,02/22/2022
1624,74865.0,Deceased,1 to 4,02/22/2022
1625,74865.0,Recovered*,477,02/22/2022
1626,74867.0,Active,1 to 4,02/22/2022
1627,74867.0,Deceased,1 to 4,02/22/2022
1628,74867.0,Recovered*,182,02/22/2022
1629,74868.0,Active,34,02/22/2022
1630,74868.0,Deceased,56,02/22/2022
1631,74868.0,Recovered*,3102,02/22/2022
1632,74869.0,Active,1 to 4,02/22/2022
1633,74869.0,Deceased,1 to 4,02/22/2022
1634,74869.0,Recovered*,133,02/22/2022
1635,74871.0,Active,13,02/22/2022
1636,74871.0,Deceased,6,02/22/2022
1637,74871.0,Recovered*,641,02/22/2022
1638,74872.0,Active,11,02/22/2022
1639,74872.0,Deceased,14,02/22/2022
1640,74872.0,Recovered*,873,02/22/2022
1641,74873.0,Active,52,02/22/2022
1642,74873.0,Deceased,38,02/22/2022
1643,74873.0,Recovered*,3164,02/22/2022
1644,74875.0,Active,1 to 4,02/22/2022
1645,74875.0,Deceased,1 to 4,02/22/2022
1646,74875.0,Recovered*,208,02/22/2022
1647,74878.0,Active,1 to 4,02/22/2022
1648,74878.0,Deceased,1 to 4,02/22/2022
1649,74878.0,Recovered*,325,02/22/2022
1650,74880.0,Active,1 to 4,02/22/2022
1651,74880.0,Deceased,14,02/22/2022
1652,74880.0,Recovered*,426,02/22/2022
1653,74881.0,Active,7,02/22/2022
1654,74881.0,Deceased,16,02/22/2022
1655,74881.0,Recovered*,998,02/22/2022
1656,74883.0,Active,7,02/22/2022
1657,74883.0,Deceased,8,02/22/2022
1658,74883.0,Recovered*,511,02/22/2022
1659,74884.0,Active,18,02/22/2022
1660,74884.0,Deceased,42,02/22/2022
1661,74884.0,Recovered*,1379,02/22/2022
1662,74901.0,Active,1 to 4,02/22/2022
1663,74901.0,Deceased,1 to 4,02/22/2022
1664,74901.0,Recovered*,359,02/22/2022
1665,74902.0,Active,12,02/22/2022
1666,74902.0,Deceased,7,02/22/2022
1667,74902.0,Recovered*,940,02/22/2022
1668,74930.0,Active,8,02/22/2022
1669,74930.0,Deceased,5,02/22/2022
1670,74930.0,Recovered*,472,02/22/2022
1671,74931.0,Active,12,02/22/2022
1672,74931.0,Deceased,1 to 4,02/22/2022
1673,74931.0,Recovered*,459,02/22/2022
1674,74932.0,Active,1 to 4,02/22/2022
1675,74932.0,Deceased,1 to 4,02/22/2022
1676,74932.0,Recovered*,515,02/22/2022
1677,74935.0,Active,1 to 4,02/22/2022
1678,74935.0,Recovered*,24,02/22/2022
1679,74936.0,Active,1 to 4,02/22/2022
1680,74936.0,Deceased,1 to 4,02/22/2022
1681,74936.0,Recovered*,254,02/22/2022
1682,74937.0,Active,10,02/22/2022
1683,74937.0,Deceased,12,02/22/2022
1684,74937.0,Recovered*,1285,02/22/2022
1685,74939.0,Active,1 to 4,02/22/2022
1686,74939.0,Deceased,1 to 4,02/22/2022
1687,74939.0,Recovered*,141,02/22/2022
1688,74940.0,Active,5,02/22/2022
1689,74940.0,Deceased,1 to 4,02/22/2022
1690,74940.0,Recovered*,636,02/22/2022
1691,74941.0,Active,5,02/22/2022
1692,74941.0,Recovered*,497,02/22/2022
1693,74942.0,Deceased,1 to 4,02/22/2022
1694,74942.0,Recovered*,47,02/22/2022
1695,74943.0,Deceased,1 to 4,02/22/2022
1696,74943.0,Recovered*,18,02/22/2022
1697,74944.0,Active,1 to 4,02/22/2022
1698,74944.0,Deceased,1 to 4,02/22/2022
1699,74944.0,Recovered*,237,02/22/2022
1700,74945.0,Active,1 to 4,02/22/2022
1701,74945.0,Recovered*,161,02/22/2022
1702,74946.0,Recovered*,12,02/22/2022
1703,74948.0,Active,37,02/22/2022
1704,74948.0,Deceased,17,02/22/2022
1705,74948.0,Recovered*,2702,02/22/2022
1706,74949.0,Active,1 to 4,02/22/2022
1707,74949.0,Deceased,1 to 4,02/22/2022
1708,74949.0,Recovered*,76,02/22/2022
1709,74951.0,Active,1 to 4,02/22/2022
1710,74951.0,Deceased,6,02/22/2022
1711,74951.0,Recovered*,347,02/22/2022
1712,74953.0,Active,30,02/22/2022
1713,74953.0,Deceased,31,02/22/2022
1714,74953.0,Recovered*,3325,02/22/2022
1715,74954.0,Active,12,02/22/2022
1716,74954.0,Deceased,7,02/22/2022
1717,74954.0,Recovered*,1139,02/22/2022
1718,74955.0,Active,55,02/22/2022
1719,74955.0,Deceased,36,02/22/2022
1720,74955.0,Recovered*,3992,02/22/2022
1721,74956.0,Active,5,02/22/2022
1722,74956.0,Deceased,1 to 4,02/22/2022
1723,74956.0,Recovered*,423,02/22/2022
1724,74957.0,Active,1 to 4,02/22/2022
1725,74957.0,Deceased,1 to 4,02/22/2022
1726,74957.0,Recovered*,217,02/22/2022
1727,74959.0,Active,13,02/22/2022
1728,74959.0,Deceased,5,02/22/2022
1729,74959.0,Recovered*,1520,02/22/2022
1730,74960.0,Active,101,02/22/2022
1731,74960.0,Deceased,48,02/22/2022
1732,74960.0,Recovered*,4966,02/22/2022
1733,74962.0,Active,28,02/22/2022
1734,74962.0,Deceased,22,02/22/2022
1735,74962.0,Recovered*,1260,02/22/2022
1736,74963.0,Deceased,1 to 4,02/22/2022
1737,74963.0,Recovered*,85,02/22/2022
1738,74964.0,Active,10,02/22/2022
1739,74964.0,Deceased,12,02/22/2022
1740,74964.0,Recovered*,583,02/22/2022
1741,74965.0,Active,29,02/22/2022
1742,74965.0,Deceased,7,02/22/2022
1743,74965.0,Recovered*,1511,02/22/2022
1744,74966.0,Active,11,02/22/2022
1745,74966.0,Deceased,1 to 4,02/22/2022
1746,74966.0,Recovered*,912,02/22/2022
